"","Fit","Data","Iteration DKW","Iteration KS","Iteration Convergence","loglik DKW","Loglik ks","loglik convergence","initial loglik","Average point dist DKW final","Average point dist DKW final","Average point value"
"1","1d",NA,NA,NA,NA,NA,NA,NA,NA,NA,NA,NA
"2","5d",NA,NA,NA,NA,NA,NA,NA,NA,NA,NA,NA
"3","10d",NA,NA,NA,NA,NA,NA,NA,NA,NA,NA,NA
"4","20d",NA,NA,NA,NA,NA,NA,NA,NA,NA,NA,NA
"5","1d"," multimodal_1000obs.csv&1",NA,NA,"37",NA,NA,"-241.606448569345","-287.323191980796","0.532210780487286","0.532210780487286","0.532210780487286"
"6","5d"," multimodal_1000obs.csv&1",NA,NA,"471",NA,NA,"-147.344626805363","-261.574494399874","0.519333400130531","0.519333400130531","0.519333400130531"
"7","10d"," multimodal_1000obs.csv&1",NA,NA,"873",NA,NA,"-65.7725278958641","-314.06497387683","0.512910292726416","0.512910292726416","0.512910292726416"
"8","20d"," multimodal_1000obs.csv&1","1518","1523","2097","40.1239518004748","40.2311313221207","52.0665181929037","-310.458060510398","0.00280236579605617","0.00277743483464274","0.50575053500048"
"9","1d"," multimodal_100obs.csv&1",NA,NA,"23",NA,NA,"-22.0146711942786","-24.7484487171381","0.526920616632179","0.526920616632179","0.526920616632179"
"10","5d"," multimodal_100obs.csv&1","81","81","311","-19.3896460591455","-19.3896460591455","-14.598451426247","-27.8923357281217","0.0133441533626942","0.0133441533626942","0.518126150169142"
"11","10d"," multimodal_100obs.csv&1","71","72","527","-19.402044275927","-19.31462186539","-8.57715362642657","-27.5585534786062","0.0265619248483896","0.0263839796611619","0.51513157164012"
"12","20d"," multimodal_100obs.csv&1","93","93","680","-19.4773157622021","-19.4773157622021","-0.311715895442445","-27.4415920978087","0.0355112080778193","0.0355112080778193","0.509910968265571"
"13","1d"," multimodal_10obs.csv&1","1","1","1","0.100340389209872","0.100340389209872","0.100340389209872","0.0940048904196469","0","0","0.542441562155526"
"14","5d"," multimodal_10obs.csv&1","1","1","2","0.120541767549395","0.120541767549395","0.128682919690015","0.109386949848748","0.000373849486128863","0.000373849486128863","0.541355829032259"
"15","10d"," multimodal_10obs.csv&1","1","1","5","0.131587154819708","0.131587154819708","0.176313107617333","0.116120040301062","0.00317624915693775","0.00317624915693775","0.538574844239779"
"16","20d"," multimodal_10obs.csv&1","1","1","1","0.125880968109845","0.125880968109845","0.125880968109845","0.120823310849075","0","0","0.540346794793092"
"17","1d",NA,NA,NA,NA,NA,NA,NA,NA,NA,NA,NA
"18","5d",NA,NA,NA,NA,NA,NA,NA,NA,NA,NA,NA
"19","10d",NA,NA,NA,NA,NA,NA,NA,NA,NA,NA,NA
"20","20d",NA,NA,NA,NA,NA,NA,NA,NA,NA,NA,NA
"21","1d","exp_rate1_1000obs.csv&1","1","1","22","-1005.7948007017","-1005.7948007017","-1005.14367024422","-1005.89392485756","0.00406472640418938","0.00406472640418938","0.502900222047068"
"22","5d","exp_rate1_1000obs.csv&1","1","1","30","-1008.05055863651","-1008.05055863651","-1005.43905696239","-1008.50048897955","0.0100576650902764","0.0100576650902764","0.501425544487616"
"23","10d","exp_rate1_1000obs.csv&1","1","1","1","-1004.93790292207","-1004.93790292207","-1004.93790292207","-1004.94731224564","0","0","0.502345020067316"
"24","20d","exp_rate1_1000obs.csv&1","1","1","1","-1004.67183344073","-1004.67183344073","-1004.67183344073","-1004.67620316792","0","0","0.503639001698411"
"25","1d","exp_rate1_100obs.csv&1","1","1","12","-105.0837356287","-105.0837356287","-104.629467993124","-105.263079788881","0.00776420854472573","0.00776420854472573","0.511675008901491"
"26","5d","exp_rate1_100obs.csv&1","1","1","13","-104.854085356732","-104.854085356732","-104.652068247324","-104.889547890856","0.00370295528313043","0.00370295528313043","0.512054543577832"
"27","10d","exp_rate1_100obs.csv&1","1","1","12","-104.880295973749","-104.880295973749","-104.473664799205","-105.02741597328","0.00969648232449863","0.00969648232449863","0.508059829790695"
"28","20d","exp_rate1_100obs.csv&1","1","1","1","-104.609571782271","-104.609571782271","-104.609571782271","-104.610783434458","0","0","0.511851475457703"
"29","1d","exp_rate1_10obs.csv&1","1","1","1","-9.08707512735432","-9.08707512735432","-9.08707512735432","-9.08936620005943","0","0","0.474943502201212"
"30","5d","exp_rate1_10obs.csv&1","1","1","9","-8.97524745598879","-8.97524745598879","-8.6133444178296","-9.06290892071258","0.0428489900103465","0.0428489900103465","0.515870575973263"
"31","10d","exp_rate1_10obs.csv&1","1","1","20","-8.99692693516038","-8.99692693516038","-8.66022001057817","-9.01078276480692","0.0339035529552568","0.0339035529552568","0.506797830850624"
"32","20d","exp_rate1_10obs.csv&1","1","1","1","-9.0764680330411","-9.0764680330411","-9.0764680330411","-9.08074774609723","0","0","0.475814772595575"
"33","1d",NA,NA,NA,NA,NA,NA,NA,NA,NA,NA,NA
"34","5d",NA,NA,NA,NA,NA,NA,NA,NA,NA,NA,NA
"35","10d",NA,NA,NA,NA,NA,NA,NA,NA,NA,NA,NA
"36","20d",NA,NA,NA,NA,NA,NA,NA,NA,NA,NA,NA
"37","1d","ln_1000obs.csv&1",NA,NA,"22",NA,NA,"-620.061236135928","-918.603470351299","0.591407723184075","0.591407723184075","0.591407723184075"
"38","5d","ln_1000obs.csv&1",NA,NA,"144",NA,NA,"-151.640656751697","-904.844443325441","0.555346585623441","0.555346585623441","0.555346585623441"
"39","10d","ln_1000obs.csv&1",NA,NA,"458",NA,NA,"179.19518688622","-951.860015835947","0.536214390767779","0.536214390767779","0.536214390767779"
"40","20d","ln_1000obs.csv&1",NA,NA,"573",NA,NA,"414.20324988862","-974.682205314741","0.524747173358489","0.524747173358489","0.524747173358489"
"41","1d","ln_100obs.csv&1",NA,NA,"30",NA,NA,"-61.1881305833312","-99.4436253003022","0.591652822813502","0.591652822813502","0.591652822813502"
"42","5d","ln_100obs.csv&1",NA,NA,"86",NA,NA,"-25.3640379946002","-98.9156861194815","0.563165340681679","0.563165340681679","0.563165340681679"
"43","10d","ln_100obs.csv&1",NA,NA,"189",NA,NA,"14.0809726549882","-99.1963417895656","0.539380713606248","0.539380713606248","0.539380713606248"
"44","20d","ln_100obs.csv&1",NA,NA,"645",NA,NA,"45.1433689541741","-99.6703378162107","0.524624295860504","0.524624295860504","0.524624295860504"
"45","1d","ln_10obs.csv&1","1","1","18","-9.2352855098311","-9.2352855098311","-5.54272018673713","-9.28563656113345","0.0360496220719644","0.0360496220719644","0.592454397007018"
"46","5d","ln_10obs.csv&1","1","1","68","-9.09389943440187","-9.09389943440187","-0.840699384852186","-9.35301124343579","0.0690415880619264","0.0690415880619264","0.556898700428081"
"47","10d","ln_10obs.csv&1","1","1","124","-8.50073818795332","-8.50073818795332","1.59299671567982","-8.76985799505858","0.0865192618962482","0.0865192618962482","0.542556312881136"
"48","20d","ln_10obs.csv&1","1","1","208","-9.22127768468656","-9.22127768468656","3.29764915187053","-9.32165922738728","0.103842924580873","0.103842924580873","0.53433318951016"
"49","1d",NA,NA,NA,NA,NA,NA,NA,NA,NA,NA,NA
"50","5d",NA,NA,NA,NA,NA,NA,NA,NA,NA,NA,NA
"51","10d",NA,NA,NA,NA,NA,NA,NA,NA,NA,NA,NA
"52","20d",NA,NA,NA,NA,NA,NA,NA,NA,NA,NA,NA
"53","1d","pareto_1000obs.csv&1",NA,NA,"132",NA,NA,"-2690.03513140856","-2737.93296178424","0.370381703428851","0.370381703428851","0.370381703428851"
"54","5d","pareto_1000obs.csv&1",NA,NA,"644",NA,NA,"-2236.2802225418","-2721.01297458803","0.489427141483335","0.489427141483335","0.489427141483335"
"55","10d","pareto_1000obs.csv&1",NA,NA,"1660",NA,NA,"-2160.86490205061","-2741.14397371503","0.486535284578564","0.486535284578564","0.486535284578564"
"56","20d","pareto_1000obs.csv&1",NA,NA,"4961",NA,NA,"-2541.86056731858","-2738.53284669374","0.343963874057546","0.343963874057546","0.343963874057546"
"57","1d","pareto_100obs.csv&1",NA,NA,"85",NA,NA,"-260.731934063687","-266.353017623804","0.390144105995942","0.390144105995942","0.390144105995942"
"58","5d","pareto_100obs.csv&1","157","157","341","-236.557836969198","-236.557836969198","-221.397503452666","-265.873571059168","0.0430649077564671","0.0430649077564671","0.497119833565493"
"59","10d","pareto_100obs.csv&1",NA,NA,"179",NA,NA,"-257.991104633199","-266.626880507915","0.381828938728054","0.381828938728054","0.381828938728054"
"60","20d","pareto_100obs.csv&1",NA,NA,"264",NA,NA,"-258.590331910216","-266.649037562989","0.386229278170339","0.386229278170339","0.386229278170339"
"61","1d","pareto_10obs.csv&1","1","1","1","-24.8039705718355","-24.8039705718355","-24.8039705718355","-24.8120557872533","0","0","0.503082553137543"
"62","5d","pareto_10obs.csv&1","1","1","33","-24.8303823495493","-24.8303823495493","-23.9591421118913","-24.8734016781004","0.0446810877235533","0.0446810877235533","0.467343654720274"
"63","10d","pareto_10obs.csv&1","1","1","65","-24.8731258977145","-24.8731258977145","-23.8934875511166","-24.8907954644718","0.0390733296497025","0.0390733296497025","0.473069470237423"
"64","20d","pareto_10obs.csv&1","1","1","1","-24.7933000270008","-24.7933000270008","-24.7933000270008","-24.7989612757758","0","0","0.502265548316466"
"65","1d",NA,NA,NA,NA,NA,NA,NA,NA,NA,NA,NA
"66","5d",NA,NA,NA,NA,NA,NA,NA,NA,NA,NA,NA
"67","10d",NA,NA,NA,NA,NA,NA,NA,NA,NA,NA,NA
"68","20d",NA,NA,NA,NA,NA,NA,NA,NA,NA,NA,NA
"69","1d","ph10_1000obs.csv&1","1","1","22","-1518.25569969809","-1518.25569969809","-1516.60065765476","-1518.44868461302","0.00788647030837681","0.00788647030837681","0.498638348700839"
"70","5d","ph10_1000obs.csv&1","1","1","14","-1517.05727851248","-1517.05727851248","-1516.80271689597","-1517.10078535008","0.00197544446671157","0.00197544446671157","0.50106367198378"
"71","10d","ph10_1000obs.csv&1","1","1","7","-1516.5591092389","-1516.5591092389","-1516.48811998788","-1516.57462478865","0.000592293694394657","0.000592293694394657","0.503055690369885"
"72","20d","ph10_1000obs.csv&1","1","1","6","-1516.61562083107","-1516.61562083107","-1516.5614653861","-1516.62784496708","0.000245721018804269","0.000245721018804269","0.498141163954366"
"73","1d","ph10_100obs.csv&1","1","1","1","-147.040669000469","-147.040669000469","-147.040669000469","-147.048716976866","0","0","0.504910554000809"
"74","5d","ph10_100obs.csv&1","1","1","70","-147.177959012725","-147.177959012725","-145.959787285568","-147.209357910818","0.0194418674271673","0.0194418674271673","0.491150065001623"
"75","10d","ph10_100obs.csv&1","1","1","42","-146.994422792726","-146.994422792726","-145.804692838231","-147.061669109848","0.0136479350111408","0.0136479350111408","0.494493703185306"
"76","20d","ph10_100obs.csv&1","1","1","52","-147.319913562158","-147.319913562158","-145.908325047974","-147.381737644668","0.0114492947932211","0.0114492947932211","0.498185138162667"
"77","1d","ph10_10obs.csv&1","1","1","1","-13.1723408799723","-13.1723408799723","-13.1723408799723","-13.1723433638185","0","0","0.493048370045778"
"78","5d","ph10_10obs.csv&1","1","1","1","-13.0651897131749","-13.0651897131749","-13.0651897131749","-13.0730457062256","0","0","0.485068486102549"
"79","10d","ph10_10obs.csv&1","1","1","1","-13.1957437475834","-13.1957437475834","-13.1957437475834","-13.2045911695591","0","0","0.495283388579966"
"80","20d","ph10_10obs.csv&1","1","1","22","-13.166299270335","-13.166299270335","-12.9291430368708","-13.1790957005593","0.0101287938707554","0.0101287938707554","0.484149771118057"
"81","1d",NA,NA,NA,NA,NA,NA,NA,NA,NA,NA,NA
"82","5d",NA,NA,NA,NA,NA,NA,NA,NA,NA,NA,NA
"83","10d",NA,NA,NA,NA,NA,NA,NA,NA,NA,NA,NA
"84","20d",NA,NA,NA,NA,NA,NA,NA,NA,NA,NA,NA
"85","1d","ph20_1000obs.csv&1","1","1","9","-1726.78237167522","-1726.78237167522","-1726.58899821384","-1726.84634370518","0.00234781832240124","0.00234781832240124","0.498816589948653"
"86","5d","ph20_1000obs.csv&1","1","1","48","-1730.62756490051","-1730.62756490051","-1726.2600117909","-1731.05258264194","0.0123203180759803","0.0123203180759803","0.501806254328657"
"87","10d","ph20_1000obs.csv&1","1","1","63","-1729.39248084718","-1729.39248084718","-1726.08868279667","-1729.61216872907","0.00787589793987003","0.00787589793987003","0.502630671484815"
"88","20d","ph20_1000obs.csv&1","1","1","13","-1726.41920675225","-1726.41920675225","-1726.27745611934","-1726.43376851324","0.000481697396954976","0.000481697396954976","0.503901284829756"
"89","1d","ph20_100obs.csv&1","1","1","1","-184.44618971089","-184.44618971089","-184.44618971089","-184.451136043657","0","0","0.49598958491646"
"90","5d","ph20_100obs.csv&1","1","1","8","-184.293160008077","-184.293160008077","-184.213692084578","-184.306477995101","0.00181967365891989","0.00181967365891989","0.49961591950877"
"91","10d","ph20_100obs.csv&1","1","1","1","-184.222144222583","-184.222144222583","-184.222144222583","-184.225382679457","0","0","0.501124294599646"
"92","20d","ph20_100obs.csv&1","1","1","1","-184.314132095721","-184.314132095721","-184.314132095721","-184.315763802073","0","0","0.498092575782486"
"93","1d","ph20_10obs.csv&1","1","1","32","-18.1420622825446","-18.1420622825446","-16.452296631999","-18.368282488646","0.0580838147582031","0.0580838147582031","0.511262340121869"
"94","5d","ph20_10obs.csv&1","1","1","19","-17.5152762279656","-17.5152762279656","-16.4807070233644","-17.7903934308322","0.0492424014687708","0.0492424014687708","0.511193177390851"
"95","10d","ph20_10obs.csv&1","1","1","22","-18.4970966199038","-18.4970966199038","-16.4653734127805","-18.6075198413439","0.0673973840202324","0.0673973840202324","0.510354766453554"
"96","20d","ph20_10obs.csv&1","1","1","17","-18.3760356960296","-18.3760356960296","-16.4130002315687","-18.4775970286353","0.0599818653350024","0.0599818653350024","0.505445716448932"
"97","1d",NA,NA,NA,NA,NA,NA,NA,NA,NA,NA,NA
"98","5d",NA,NA,NA,NA,NA,NA,NA,NA,NA,NA,NA
"99","10d",NA,NA,NA,NA,NA,NA,NA,NA,NA,NA,NA
"100","20d",NA,NA,NA,NA,NA,NA,NA,NA,NA,NA,NA
"101","1d","ph5_1000obs.csv&1","1","1","17","-1382.5585123838","-1382.5585123838","-1382.17962897831","-1382.62312430883","0.00130272276293776","0.00130272276293776","0.5061518321945"
"102","5d","ph5_1000obs.csv&1","1","1","65","-1386.24863768948","-1386.24863768948","-1381.75596491695","-1386.90988411291","0.01231701749645","0.01231701749645","0.504381023267243"
"103","10d","ph5_1000obs.csv&1","1","1","7","-1381.71102724113","-1381.71102724113","-1381.63772795647","-1381.72828611212","0.000655781192667371","0.000655781192667371","0.50374654577255"
"104","20d","ph5_1000obs.csv&1","1","1","9","-1382.30549009928","-1382.30549009928","-1382.21732929235","-1382.3183917099","0.000364687449460247","0.000364687449460247","0.506236417863919"
"105","1d","ph5_100obs.csv&1","1","1","18","-131.757989776252","-131.757989776252","-131.215293773082","-131.873532478659","0.0102653907603074","0.0102653907603074","0.507956077097685"
"106","5d","ph5_100obs.csv&1","1","1","127","-132.060420441342","-132.060420441342","-129.903969162296","-132.106609832468","0.0180047562567017","0.0180047562567017","0.502950204630145"
"107","10d","ph5_100obs.csv&1","1","1","17","-132.42521771801","-132.42521771801","-132.007440112754","-132.501704346292","0.00877626415544587","0.00877626415544587","0.519783768289347"
"108","20d","ph5_100obs.csv&1","1","1","1","-132.115798118065","-132.115798118065","-132.115798118065","-132.115881982699","0","0","0.520566615356244"
"109","1d","ph5_10obs.csv&1","1","1","3","-14.3913408763752","-14.3913408763752","-14.3660823717221","-14.442157742531","0.00496980391933235","0.00496980391933235","0.481381035813286"
"110","5d","ph5_10obs.csv&1","1","1","9","-14.1831691327003","-14.1831691327003","-13.9800021161571","-14.2277912784579","0.0270378305357467","0.0270378305357467","0.505595822751623"
"111","10d","ph5_10obs.csv&1","1","1","14","-14.3219837989019","-14.3219837989019","-14.0328681275551","-14.364476865505","0.026745691537674","0.026745691537674","0.498379383135707"
"112","20d","ph5_10obs.csv&1","1","1","1","-14.3023411946695","-14.3023411946695","-14.3023411946695","-14.3101681044478","0","0","0.479066159992036"
"113","1d",NA,NA,NA,NA,NA,NA,NA,NA,NA,NA,NA
"114","5d",NA,NA,NA,NA,NA,NA,NA,NA,NA,NA,NA
"115","10d",NA,NA,NA,NA,NA,NA,NA,NA,NA,NA,NA
"116","20d",NA,NA,NA,NA,NA,NA,NA,NA,NA,NA,NA
"117","1d","unif_1000obs.csv&1",NA,NA,"53",NA,NA,"-195.74391296147","-295.175507842738","0.531384715561717","0.531384715561717","0.531384715561717"
"118","5d","unif_1000obs.csv&1",NA,NA,"398",NA,NA,"-137.518196252078","-282.25393993294","0.516824926423643","0.516824926423643","0.516824926423643"
"119","10d","unif_1000obs.csv&1",NA,NA,"813",NA,NA,"-99.8214092030495","-280.488786733172","0.510132641547624","0.510132641547624","0.510132641547624"
"120","20d","unif_1000obs.csv&1","681","685","1374","-85.7251075574936","-85.5961633562478","-68.0857440324122","-293.280250704973","0.00652852007563483","0.00647741122953421","0.505549061819177"
"121","1d","unif_100obs.csv&1","20","20","43","-21.8083288678538","-21.8083288678538","-18.0644764353725","-28.1574019693463","0.0250761290568324","0.0250761290568324","0.534284763636333"
"122","5d","unif_100obs.csv&1","15","15","248","-22.1049497201255","-22.1049497201255","-9.26101393069185","-28.0212065200381","0.0503772383774917","0.0503772383774917","0.517755103253346"
"123","10d","unif_100obs.csv&1","5","5","381","-21.5987440058541","-21.5987440058541","-5.16982960157118","-25.745656049049","0.0529098557146938","0.0529098557146938","0.513246897006528"
"124","20d","unif_100obs.csv&1","25","25","309","-21.4241388856636","-21.4241388856636","-3.70680277535556","-27.1673564092778","0.0554077565491895","0.0554077565491895","0.510190896671014"
"125","1d","unif_10obs.csv&1","1","1","32","-2.0302544619854","-2.0302544619854","-1.1519423124605","-2.08513221831235","0.0407880767171039","0.0407880767171039","0.531082249566295"
"126","5d","unif_10obs.csv&1","1","1","27","-1.94337200911978","-1.94337200911978","-1.10744295049188","-2.03037282787668","0.0411045250015977","0.0411045250015977","0.529235059486436"
"127","10d","unif_10obs.csv&1","1","1","27","-1.99330621193009","-1.99330621193009","-1.09897183323058","-2.08050795788817","0.044762013316143","0.044762013316143","0.528280692421298"
"128","20d","unif_10obs.csv&1","1","1","47","-2.01538851631573","-2.01538851631573","-1.10797180112368","-2.05869292881989","0.0496305814535332","0.0496305814535332","0.527551551269439"
"129","1d",NA,NA,NA,NA,NA,NA,NA,NA,NA,NA,NA
"130","5d",NA,NA,NA,NA,NA,NA,NA,NA,NA,NA,NA
"131","10d",NA,NA,NA,NA,NA,NA,NA,NA,NA,NA,NA
"132","20d",NA,NA,NA,NA,NA,NA,NA,NA,NA,NA,NA
"133","1d"," multimodal_1000obs.csv&2",NA,NA,"44",NA,NA,"-251.473157683517","-314.339336562644","0.532560331572984","0.532560331572984","0.532560331572984"
"134","5d"," multimodal_1000obs.csv&2",NA,NA,"217",NA,NA,"-175.403340205151","-316.641623023063","0.520945718551913","0.520945718551913","0.520945718551913"
"135","10d"," multimodal_1000obs.csv&2",NA,NA,"766",NA,NA,"-103.321445632626","-323.384182622278","0.51476526822","0.51476526822","0.51476526822"
"136","20d"," multimodal_1000obs.csv&2",NA,NA,"1832",NA,NA,"10.5439196447835","-320.990925903717","0.506104036740773","0.506104036740773","0.506104036740773"
"137","1d"," multimodal_100obs.csv&2",NA,NA,"24",NA,NA,"-32.4287001891033","-34.6365398329801","0.538801622402478","0.538801622402478","0.538801622402478"
"138","5d"," multimodal_100obs.csv&2",NA,NA,"99",NA,NA,"-20.490610156799","-37.8715502272187","0.533518588579205","0.533518588579205","0.533518588579205"
"139","10d"," multimodal_100obs.csv&2","190","191","447","-12.0661900507699","-12.0160231122883","-6.77652973799505","-37.5459297211189","0.0109515114854709","0.0108467926468988","0.518666341350992"
"140","20d"," multimodal_100obs.csv&2","187","188","395","-12.1632499903577","-12.1209455881303","-2.42634306256782","-37.8839323179178","0.017267246229891","0.0171859251827878","0.515241189089285"
"141","1d"," multimodal_10obs.csv&2","1","1","26","-5.49502007273419","-5.49502007273419","-3.29822556610764","-5.55287828377458","0.0586571291726411","0.0586571291726411","0.542555639999642"
"142","5d"," multimodal_10obs.csv&2","1","1","52","-5.52184369603921","-5.52184369603921","-2.81318803803109","-5.70350836841195","0.0810317933180181","0.0810317933180181","0.529696440897923"
"143","10d"," multimodal_10obs.csv&2","1","1","44","-5.18815377082357","-5.18815377082357","-2.74817132006601","-5.34387288424808","0.0771168472691307","0.0771168472691307","0.527739562018074"
"144","20d"," multimodal_10obs.csv&2","1","1","50","-5.21098128877093","-5.21098128877093","-2.74973153719483","-5.30056382164368","0.0798583888555386","0.0798583888555386","0.527979788066475"
"145","1d",NA,NA,NA,NA,NA,NA,NA,NA,NA,NA,NA
"146","5d",NA,NA,NA,NA,NA,NA,NA,NA,NA,NA,NA
"147","10d",NA,NA,NA,NA,NA,NA,NA,NA,NA,NA,NA
"148","20d",NA,NA,NA,NA,NA,NA,NA,NA,NA,NA,NA
"149","1d","exp_rate1_1000obs.csv&2","1","1","27","-982.870806443754","-982.870806443754","-980.98569765749","-983.379905831511","0.00701097645978373","0.00701097645978373","0.503882928798653"
"150","5d","exp_rate1_1000obs.csv&2","1","1","1","-980.600025607817","-980.600025607817","-980.600025607817","-980.600362997345","0","0","0.5000224032927"
"151","10d","exp_rate1_1000obs.csv&2","1","1","18","-981.315322389671","-981.315322389671","-980.870055249931","-981.382829624208","0.00276766542103881","0.00276766542103881","0.500703682653952"
"152","20d","exp_rate1_1000obs.csv&2","1","1","1","-980.831355735196","-980.831355735196","-980.831355735196","-980.832440940145","0","0","0.502070058950823"
"153","1d","exp_rate1_100obs.csv&2","1","1","20","-103.295488823125","-103.295488823125","-102.977718996487","-103.337822630449","0.00639152098937518","0.00639152098937518","0.509798139364133"
"154","5d","exp_rate1_100obs.csv&2","1","1","1","-103.074265831982","-103.074265831982","-103.074265831982","-103.076901679348","0","0","0.507822151442768"
"155","10d","exp_rate1_100obs.csv&2","1","1","7","-103.32399039114","-103.32399039114","-103.243136750804","-103.345412738883","0.00243650822210799","0.00243650822210799","0.51325009812986"
"156","20d","exp_rate1_100obs.csv&2","1","1","1","-103.291750888559","-103.291750888559","-103.291750888559","-103.293213468716","0","0","0.515050440094241"
"157","1d","exp_rate1_10obs.csv&2","1","1","28","-12.3607497470098","-12.3607497470098","-10.9823675010486","-12.3858931947061","0.0702670238873281","0.0702670238873281","0.491008763768836"
"158","5d","exp_rate1_10obs.csv&2","1","1","23","-12.1663069208389","-12.1663069208389","-11.0006053168223","-12.3087325460125","0.0526452116581803","0.0526452116581803","0.502082822964604"
"159","10d","exp_rate1_10obs.csv&2","1","1","30","-12.078526422947","-12.078526422947","-10.8965438459436","-12.1841207536084","0.0559867281522049","0.0559867281522049","0.499247598331261"
"160","20d","exp_rate1_10obs.csv&2","1","1","66","-12.4805586395037","-12.4805586395037","-10.6822457931885","-12.5151514555621","0.0710534231845593","0.0710534231845593","0.497830379901363"
"161","1d",NA,NA,NA,NA,NA,NA,NA,NA,NA,NA,NA
"162","5d",NA,NA,NA,NA,NA,NA,NA,NA,NA,NA,NA
"163","10d",NA,NA,NA,NA,NA,NA,NA,NA,NA,NA,NA
"164","20d",NA,NA,NA,NA,NA,NA,NA,NA,NA,NA,NA
"165","1d","ln_1000obs.csv&2",NA,NA,"27",NA,NA,"-627.859498299784","-1005.59048183728","0.591188368362931","0.591188368362931","0.591188368362931"
"166","5d","ln_1000obs.csv&2",NA,NA,"116",NA,NA,"-160.686548118568","-946.898241923178","0.554999337184134","0.554999337184134","0.554999337184134"
"167","10d","ln_1000obs.csv&2",NA,NA,"259",NA,NA,"119.713778393356","-964.904345470069","0.538325968082574","0.538325968082574","0.538325968082574"
"168","20d","ln_1000obs.csv&2",NA,NA,"1034",NA,NA,"445.898656463102","-1004.94074793296","0.521992530291594","0.521992530291594","0.521992530291594"
"169","1d","ln_100obs.csv&2",NA,NA,"18",NA,NA,"-61.4888562722965","-96.5124528075161","0.591912802569544","0.591912802569544","0.591912802569544"
"170","5d","ln_100obs.csv&2",NA,NA,"96",NA,NA,"-14.4116817571867","-95.1883700485082","0.556215437993386","0.556215437993386","0.556215437993386"
"171","10d","ln_100obs.csv&2",NA,NA,"179",NA,NA,"8.52123680302923","-98.0958593023356","0.542932125432924","0.542932125432924","0.542932125432924"
"172","20d","ln_100obs.csv&2",NA,NA,"594",NA,NA,"45.5499026238259","-99.2361382529429","0.525730018510248","0.525730018510248","0.525730018510248"
"173","1d","ln_10obs.csv&2","1","1","16","-9.69723333284043","-9.69723333284043","-6.36394545133374","-9.93486049376451","0.0322210575150203","0.0322210575150203","0.591639241943407"
"174","5d","ln_10obs.csv&2","1","1","31","-9.82039152985397","-9.82039152985397","-4.21615355141572","-10.1218755128434","0.0527080802493413","0.0527080802493413","0.573293771005051"
"175","10d","ln_10obs.csv&2","1","1","144","-9.82755306460987","-9.82755306460987","0.534683329934858","-10.0315505801896","0.0854888362467533","0.0854888362467533","0.542731330766784"
"176","20d","ln_10obs.csv&2","1","1","212","-10.0005521266263","-10.0005521266263","2.16231596134223","-10.0713582157828","0.0978784023040985","0.0978784023040985","0.534724201060785"
"177","1d",NA,NA,NA,NA,NA,NA,NA,NA,NA,NA,NA
"178","5d",NA,NA,NA,NA,NA,NA,NA,NA,NA,NA,NA
"179","10d",NA,NA,NA,NA,NA,NA,NA,NA,NA,NA,NA
"180","20d",NA,NA,NA,NA,NA,NA,NA,NA,NA,NA,NA
"181","1d","pareto_1000obs.csv&2",NA,NA,"88",NA,NA,"-2590.13947640231","-3943.82802741663","0.499471772775903","0.499471772775903","0.499471772775903"
"182","5d","pareto_1000obs.csv&2",NA,NA,"607",NA,NA,"-2393.41785266657","-4051.10514644847","0.461983986060727","0.461983986060727","0.461983986060727"
"183","10d","pareto_1000obs.csv&2",NA,NA,"272",NA,NA,"-3778.83904880408","-4052.15959419204","0.193904984993801","0.193904984993801","0.193904984993801"
"184","20d","pareto_1000obs.csv&2",NA,NA,"409",NA,NA,"-3783.8274047948","-4053.04585913795","0.199015952234921","0.199015952234921","0.199015952234921"
"185","1d","pareto_100obs.csv&2",NA,NA,"43",NA,NA,"-248.211586488985","-264.629648650536","0.528503281508746","0.528503281508746","0.528503281508746"
"186","5d","pareto_100obs.csv&2","87","87","174","-241.487366051624","-241.487366051624","-224.571590988457","-264.862258750804","0.0586019666069889","0.0586019666069889","0.49289302585335"
"187","10d","pareto_100obs.csv&2",NA,NA,"159",NA,NA,"-256.579828508605","-264.679804364108","0.390157959310894","0.390157959310894","0.390157959310894"
"188","20d","pareto_100obs.csv&2",NA,NA,"277",NA,NA,"-256.562791303239","-264.397927494531","0.393472418302689","0.393472418302689","0.393472418302689"
"189","1d","pareto_10obs.csv&2","1","1","1","-30.7570190573655","-30.7570190573655","-30.7570190573655","-30.7572864830491","0","0","0.462470791553037"
"190","5d","pareto_10obs.csv&2","1","1","1","-30.7632008752295","-30.7632008752295","-30.7632008752295","-30.7713730574278","0","0","0.465106081615632"
"191","10d","pareto_10obs.csv&2","1","1","1","-30.7502474016396","-30.7502474016396","-30.7502474016396","-30.7544944571611","0","0","0.463666704799427"
"192","20d","pareto_10obs.csv&2","1","1","1","-30.7381208848739","-30.7381208848739","-30.7381208848739","-30.7391806392772","0","0","0.463345997382007"
"193","1d",NA,NA,NA,NA,NA,NA,NA,NA,NA,NA,NA
"194","5d",NA,NA,NA,NA,NA,NA,NA,NA,NA,NA,NA
"195","10d",NA,NA,NA,NA,NA,NA,NA,NA,NA,NA,NA
"196","20d",NA,NA,NA,NA,NA,NA,NA,NA,NA,NA,NA
"197","1d","ph10_1000obs.csv&2","1","1","1","-2025.68035486034","-2025.68035486034","-2025.68035486034","-2025.68649551291","0","0","0.504176163733511"
"198","5d","ph10_1000obs.csv&2","1","1","35","-2026.56554821051","-2026.56554821051","-2025.4075480875","-2026.66842885826","0.00477396157372718","0.00477396157372718","0.502973264253232"
"199","10d","ph10_1000obs.csv&2","1","1","1","-2025.28609226972","-2025.28609226972","-2025.28609226972","-2025.28642675438","0","0","0.501641158817571"
"200","20d","ph10_1000obs.csv&2","1","1","1","-2025.83620290329","-2025.83620290329","-2025.83620290329","-2025.8458071803","0","0","0.504470800691757"
"201","1d","ph10_100obs.csv&2","1","1","19","-190.302167542235","-190.302167542235","-189.886556314373","-190.356660692816","0.00795599243032771","0.00795599243032771","0.517758509788027"
"202","5d","ph10_100obs.csv&2","1","1","18","-190.609808758809","-190.609808758809","-190.222981692186","-190.663246187786","0.00642761341576293","0.00642761341576293","0.522094001570045"
"203","10d","ph10_100obs.csv&2","1","1","17","-190.633562461825","-190.633562461825","-190.395260180778","-190.656780676394","0.00362447067851703","0.00362447067851703","0.524821524636996"
"204","20d","ph10_100obs.csv&2","1","1","1","-190.494653377004","-190.494653377004","-190.494653377004","-190.503628341168","0","0","0.525422920144871"
"205","1d","ph10_10obs.csv&2","1","1","1","-22.9957639537986","-22.9957639537986","-22.9957639537986","-22.9980969353229","0","0","0.481848843786133"
"206","5d","ph10_10obs.csv&2","1","1","1","-22.9485780958916","-22.9485780958916","-22.9485780958916","-22.9579537129408","0","0","0.47714986239496"
"207","10d","ph10_10obs.csv&2","1","1","1","-22.9130918785515","-22.9130918785515","-22.9130918785515","-22.9191602361553","0","0","0.474035076426829"
"208","20d","ph10_10obs.csv&2","1","1","1","-22.9691139467747","-22.9691139467747","-22.9691139467747","-22.9731793618861","0","0","0.477023546356377"
"209","1d",NA,NA,NA,NA,NA,NA,NA,NA,NA,NA,NA
"210","5d",NA,NA,NA,NA,NA,NA,NA,NA,NA,NA,NA
"211","10d",NA,NA,NA,NA,NA,NA,NA,NA,NA,NA,NA
"212","20d",NA,NA,NA,NA,NA,NA,NA,NA,NA,NA,NA
"213","1d","ph20_1000obs.csv&2","1","1","1","-1585.42208009013","-1585.42208009013","-1585.42208009013","-1585.42714005503","0","0","0.500853962389699"
"214","5d","ph20_1000obs.csv&2","1","1","17","-1586.67496077942","-1586.67496077942","-1585.58367046298","-1586.99027607309","0.00643886444447315","0.00643886444447315","0.498238378560409"
"215","10d","ph20_1000obs.csv&2","1","1","30","-1586.10894181867","-1586.10894181867","-1585.43279362307","-1586.15969975764","0.00256072287479877","0.00256072287479877","0.496191864989861"
"216","20d","ph20_1000obs.csv&2","1","1","1","-1585.47775063788","-1585.47775063788","-1585.47775063788","-1585.48274541686","0","0","0.499659720497212"
"217","1d","ph20_100obs.csv&2","1","1","1","-147.279838275239","-147.279838275239","-147.279838275239","-147.282141384085","0","0","0.505160070332433"
"218","5d","ph20_100obs.csv&2","1","1","1","-147.121284827994","-147.121284827994","-147.121284827994","-147.123474021424","0","0","0.501428824108872"
"219","10d","ph20_100obs.csv&2","1","1","12","-147.416993056249","-147.416993056249","-147.261443846415","-147.437911354256","0.00319461250480197","0.00319461250480197","0.506720595863329"
"220","20d","ph20_100obs.csv&2","1","1","1","-147.371645547973","-147.371645547973","-147.371645547973","-147.374424629697","0","0","0.508590667466916"
"221","1d","ph20_10obs.csv&2","1","1","8","-12.5845568109107","-12.5845568109107","-12.4709611501196","-12.6090542755579","0.0187072006586661","0.0187072006586661","0.49237070377418"
"222","5d","ph20_10obs.csv&2","1","1","7","-12.5581433939137","-12.5581433939137","-12.4618391417568","-12.5872959079702","0.0146931826756426","0.0146931826756426","0.490883298056338"
"223","10d","ph20_10obs.csv&2","1","1","7","-12.58453545024","-12.58453545024","-12.5062719213415","-12.6041466250402","0.010995365987354","0.010995365987354","0.486140361195587"
"224","20d","ph20_10obs.csv&2","1","1","1","-12.6479047887185","-12.6479047887185","-12.6479047887185","-12.6493627810969","0","0","0.472263291382497"
"225","1d",NA,NA,NA,NA,NA,NA,NA,NA,NA,NA,NA
"226","5d",NA,NA,NA,NA,NA,NA,NA,NA,NA,NA,NA
"227","10d",NA,NA,NA,NA,NA,NA,NA,NA,NA,NA,NA
"228","20d",NA,NA,NA,NA,NA,NA,NA,NA,NA,NA,NA
"229","1d","ph5_1000obs.csv&2","1","1","8","-1588.81388817639","-1588.81388817639","-1588.66003184509","-1588.87167782282","0.00197827524377784","0.00197827524377784","0.499078613423533"
"230","5d","ph5_1000obs.csv&2","1","1","21","-1589.28700088987","-1589.28700088987","-1588.83208281267","-1589.33329098937","0.00300348668830049","0.00300348668830049","0.495559400075299"
"231","10d","ph5_1000obs.csv&2","1","1","21","-1589.49069319365","-1589.49069319365","-1588.82967110711","-1589.57516217973","0.00340427923165215","0.00340427923165215","0.495271054650285"
"232","20d","ph5_1000obs.csv&2","1","1","1","-1588.90084546334","-1588.90084546334","-1588.90084546334","-1588.90170258908","0","0","0.49498128159659"
"233","1d","ph5_100obs.csv&2","1","1","9","-151.344153580408","-151.344153580408","-151.137233038145","-151.40760222113","0.00719537389998689","0.00719537389998689","0.498890362837916"
"234","5d","ph5_100obs.csv&2","1","1","16","-151.277787916182","-151.277787916182","-150.974516160709","-151.313901100272","0.00754941595599818","0.00754941595599818","0.497760631540076"
"235","10d","ph5_100obs.csv&2","1","1","34","-151.715623934682","-151.715623934682","-151.013440732911","-151.744619344319","0.0120966264758923","0.0120966264758923","0.496552509084774"
"236","20d","ph5_100obs.csv&2","1","1","20","-151.877421888779","-151.877421888779","-151.579736724169","-151.901413721133","0.00465847793427748","0.00465847793427748","0.489423011282808"
"237","1d","ph5_10obs.csv&2","1","1","1","-14.6133650691533","-14.6133650691533","-14.6133650691533","-14.6173682863096","0","0","0.505542800495085"
"238","5d","ph5_10obs.csv&2","1","1","28","-14.6142907225459","-14.6142907225459","-13.4661172745576","-14.6601559191477","0.0355502028170411","0.0355502028170411","0.532813508561743"
"239","10d","ph5_10obs.csv&2","1","1","22","-14.4612616827981","-14.4612616827981","-13.4953509023278","-14.5197973978318","0.0346491401304272","0.0346491401304272","0.532660311822579"
"240","20d","ph5_10obs.csv&2","1","1","24","-14.4931740292961","-14.4931740292961","-13.4783263816865","-14.5583832722026","0.0317704817457674","0.0317704817457674","0.529058046361176"
"241","1d",NA,NA,NA,NA,NA,NA,NA,NA,NA,NA,NA
"242","5d",NA,NA,NA,NA,NA,NA,NA,NA,NA,NA,NA
"243","10d",NA,NA,NA,NA,NA,NA,NA,NA,NA,NA,NA
"244","20d",NA,NA,NA,NA,NA,NA,NA,NA,NA,NA,NA
"245","1d","unif_1000obs.csv&2",NA,NA,"40",NA,NA,"-199.707515494917","-284.262872995504","0.533185406786035","0.533185406786035","0.533185406786035"
"246","5d","unif_1000obs.csv&2",NA,NA,"444",NA,NA,"-116.517814841542","-295.297360555644","0.513822884992793","0.513822884992793","0.513822884992793"
"247","10d","unif_1000obs.csv&2",NA,NA,"1189",NA,NA,"-84.2891835737939","-284.761379001236","0.507072521901542","0.507072521901542","0.507072521901542"
"248","20d","unif_1000obs.csv&2","926","932","1589","-83.2283498258365","-83.1341063143666","-75.974739349333","-293.581474011073","0.00369064636235405","0.0036327112109033","0.505802489790294"
"249","1d","unif_100obs.csv&2","1","1","27","-25.1060602657136","-25.1060602657136","-19.2148998125224","-25.6159250206804","0.0384315730433983","0.0384315730433983","0.527675008322461"
"250","5d","unif_100obs.csv&2","1","1","42","-27.1914010141989","-27.1914010141989","-19.1292670229467","-27.6992426949798","0.0474543267382594","0.0474543267382594","0.52680183794739"
"251","10d","unif_100obs.csv&2","1","1","317","-27.4910427162085","-27.4910427162085","-12.0762143292393","-28.0884557936191","0.0746414992151538","0.0746414992151538","0.510096302155502"
"252","20d","unif_100obs.csv&2","1","1","331","-28.8783049871082","-28.8783049871082","-11.6738756060641","-29.2046125744996","0.0816603260398003","0.0816603260398003","0.509190538963988"
"253","1d","unif_10obs.csv&2","1","1","1","-0.670784216651748","-0.670784216651748","-0.670784216651748","-0.671358759567324","0","0","0.502704604826689"
"254","5d","unif_10obs.csv&2","1","1","1","-0.67047407576754","-0.67047407576754","-0.67047407576754","-0.678257456684023","0","0","0.495478297903838"
"255","10d","unif_10obs.csv&2","1","1","1","-0.659496469753255","-0.659496469753255","-0.659496469753255","-0.66124924189497","0","0","0.504149750785099"
"256","20d","unif_10obs.csv&2","1","1","1","-0.661248759004703","-0.661248759004703","-0.661248759004703","-0.662262915406124","0","0","0.503213011924707"
