"","Fit","Data","Iteration DKW","Iteration KS","Iteration Convergence","loglik DKW","Loglik ks","loglik convergence","initial loglik","Average point dist DKW final","Average point dist DKW final","Average point value","Time -1 state","Iterations -1 state","loglik initial -1 state","loglik conv -1 state","in ks initial -1 state","in ks conv -1 state","in ks initial","in ks conv"
"1","2d",NA,NA,NA,NA,NA,NA,NA,NA,NA,NA,NA,NA,NA,NA,NA,NA,NA,NA,NA
"2","5d",NA,NA,NA,NA,NA,NA,NA,NA,NA,NA,NA,NA,NA,NA,NA,NA,NA,NA,NA
"3","10d",NA,NA,NA,NA,NA,NA,NA,NA,NA,NA,NA,NA,NA,NA,NA,NA,NA,NA,NA
"4","20d",NA,NA,NA,NA,NA,NA,NA,NA,NA,NA,NA,NA,NA,NA,NA,NA,NA,NA,NA
"5","2d"," multimodal_1000obs.csv&1",NA,NA,"1",NA,NA,"-313.162397699562","-313.162397744451","0.559195286483856","0.559195286483856","0.559195286483856","0.0762369632720947","1","-313.162396019772","-313.1623976611","0.1376","0.1376","0.1376","0.1376"
"6","5d"," multimodal_1000obs.csv&1",NA,NA,"1",NA,NA,"-165.368585156786","-165.377964730734","0.521226024818954","0.521226024818954","0.521226024818954","4.67456603050232","238","-313.496962033306","-165.387303266499","0.1375","0.4388","0.4388","0.4387"
"7","10d"," multimodal_1000obs.csv&1",NA,NA,"1",NA,NA,"-79.3098796025766","-79.319002218756","0.513882941760469","0.513882941760469","0.513882941760469","18.0597789287567","684","-306.422650092799","-79.3284243230339","0.1438","0.6082","0.6082","0.6082"
"8","20d"," multimodal_1000obs.csv&1",NA,NA,"1",NA,NA,"-9.13839771325226","-9.14791048137728","0.509233426166072","0.509233426166072","0.509233426166072","58.7876291275024","915","-312.806076874249","-9.15764778834146","0.1378","0.754","0.7541","0.7541"
"9","2d"," multimodal_100obs.csv&1",NA,NA,"1",NA,NA,"-28.0489952572552","-28.0489964891116","0.553407418195593","0.553407418195593","0.553407418195593","0.00347709655761719","1","-28.048977225829","-28.0489858446399","0.7504","0.7504","0.7504","0.7504"
"10","5d"," multimodal_100obs.csv&1",NA,NA,"1",NA,NA,"-16.7544729406933","-16.764187033959","0.519552126793079","0.519552126793079","0.519552126793079","0.570486068725586","182","-28.3109593165475","-16.7649252755123","0.7477","0.8896","0.8897","0.89"
"11","10d"," multimodal_100obs.csv&1","1","1","1","-8.48805939145123","-8.48805939145123","-8.48805939145123","-8.49735127553464","0","0","0.515167330070997","1.64669919013977","391","-29.2842567890934","-8.50687894206937","0.7445","1","1","1"
"12","20d"," multimodal_100obs.csv&1","1","1","1","-8.36135116563826","-8.36135116563826","-8.36135116563826","-8.37054479188919","0","0","0.515013672158006","4.65656995773315","348","-28.0231898313586","-8.38002416496272","0.7504","1","1","1"
"13","2d"," multimodal_10obs.csv&1","1","1","1","0.102019622417503","0.102019622417503","0.102019622417503","0.102018855336842","0","0","0.542370259097502","0.00209188461303711","1","0.102300419836119","0.102023953998208","1","1","1","1"
"14","5d"," multimodal_10obs.csv&1","1","1","1","0.379783586567567","0.379783586567567","0.379783586567567","0.370933525166707","0","0","0.529824774108096","0.0214319229125977","12","0.180192815470376","0.36230394340687","1","1","1","1"
"15","10d"," multimodal_10obs.csv&1","1","1","1","0.417711381653264","0.417711381653264","0.417711381653264","0.408671964620398","0","0","0.527273127057593","0.059345006942749","25","0.0708929283335908","0.400206135303329","1","1","1","1"
"16","20d"," multimodal_10obs.csv&1","1","1","1","0.139765653227663","0.139765653227663","0.139765653227663","0.133001979863706","0","0","0.539808453240844","0.0203909873962402","3","0.093212842462191","0.125562959260623","1","1","1","1"
"17","2d",NA,NA,NA,NA,NA,NA,NA,NA,NA,NA,NA,NA,NA,NA,NA,NA,NA,NA,NA
"18","5d",NA,NA,NA,NA,NA,NA,NA,NA,NA,NA,NA,NA,NA,NA,NA,NA,NA,NA,NA
"19","10d",NA,NA,NA,NA,NA,NA,NA,NA,NA,NA,NA,NA,NA,NA,NA,NA,NA,NA,NA
"20","20d",NA,NA,NA,NA,NA,NA,NA,NA,NA,NA,NA,NA,NA,NA,NA,NA,NA,NA,NA
"21","2d","exp_rate1_1000obs.csv&1","1","1","1","-1005.06761960004","-1005.06761960004","-1005.06761960004","-1005.06762145485","0","0","0.502187723016411","0.0165760517120361","1","-1005.06740443461","-1005.06761325579","1","1","1","1"
"22","5d","exp_rate1_1000obs.csv&1","1","1","1","-1005.09391671465","-1005.09391671465","-1005.09391671465","-1005.09626695319","0","0","0.50261988600206","0.413388013839722","22","-1006.42571624447","-1005.18755581997","1","1","1","1"
"23","10d","exp_rate1_1000obs.csv&1","1","1","2","-1004.95775161256","-1004.95775161256","-1004.94883621836","-1004.96779995798","0.000112316411272599","0.000112316411272599","0.504008713537594","0.193017959594727","8","-1005.11524299153","-1004.98189685253","1","1","1","1"
"24","20d","exp_rate1_1000obs.csv&1","1","1","1","-1004.79031819986","-1004.79031819986","-1004.79031819986","-1004.79295909757","0","0","0.503774062060854","0.0959639549255371","1","-1004.79954426195","-1004.79666824853","1","1","1","1"
"25","2d","exp_rate1_100obs.csv&1","1","1","1","-104.63465549716","-104.63465549716","-104.63465549716","-104.634657799692","0","0","0.511762059110338","0.00367093086242676","1","-104.634607349672","-104.634650615522","1","1","1","1"
"26","5d","exp_rate1_100obs.csv&1","1","1","2","-104.53100064463","-104.53100064463","-104.521357208868","-104.54142814937","0.000268156642037747","0.000268156642037747","0.509514239014703","0.0810070037841797","22","-105.557704579625","-104.52131855122","1","1","1","1"
"27","10d","exp_rate1_100obs.csv&1","1","1","1","-104.549416783232","-104.549416783232","-104.549416783232","-104.554054007102","0","0","0.507306082579414","0.00496602058410645","1","-104.55748565847","-104.552578325434","1","1","1","1"
"28","20d","exp_rate1_100obs.csv&1","1","1","1","-104.639548121539","-104.639548121539","-104.639548121539","-104.640985743036","0","0","0.512934910668836","0.0295610427856445","1","-104.650550193427","-104.648669607392","1","1","1","1"
"29","2d","exp_rate1_10obs.csv&1","1","1","1","-9.07154499042131","-9.07154499042131","-9.07154499042131","-9.07154588930812","0","0","0.476116199724762","0.00261807441711426","1","-9.06937951786065","-9.07154035707233","1","1","1","1"
"30","5d","exp_rate1_10obs.csv&1","1","1","1","-8.48435475025497","-8.48435475025497","-8.48435475025497","-8.49257890180202","0","0","0.523350912104426","0.0187780857086182","9","-8.95268958235465","-8.49886293856385","1","1","1","1"
"31","10d","exp_rate1_10obs.csv&1","1","1","1","-8.62861751168689","-8.62861751168689","-8.62861751168689","-8.63554966063047","0","0","0.513745255084792","0.0382730960845947","14","-9.01127580037295","-8.64053576500544","1","1","1","1"
"32","20d","exp_rate1_10obs.csv&1","1","1","1","-9.03820369094785","-9.03820369094785","-9.03820369094785","-9.04399202271468","0","0","0.478418786768179","0.0176708698272705","1","-9.05500289587112","-9.04930477715629","1","1","1","1"
"33","2d",NA,NA,NA,NA,NA,NA,NA,NA,NA,NA,NA,NA,NA,NA,NA,NA,NA,NA,NA
"34","5d",NA,NA,NA,NA,NA,NA,NA,NA,NA,NA,NA,NA,NA,NA,NA,NA,NA,NA,NA
"35","10d",NA,NA,NA,NA,NA,NA,NA,NA,NA,NA,NA,NA,NA,NA,NA,NA,NA,NA,NA
"36","20d",NA,NA,NA,NA,NA,NA,NA,NA,NA,NA,NA,NA,NA,NA,NA,NA,NA,NA,NA
"37","2d","ln_1000obs.csv&1",NA,NA,"1",NA,NA,"-1001.54713305148","-1001.54718672018","0.630359372218494","0.630359372218494","0.630359372218494","0.0307271480560303","2","-1001.52028078051","-1001.54675452364","0.0428","0.0428","0.0428","0.0428"
"38","5d","ln_1000obs.csv&1",NA,NA,"1",NA,NA,"-262.542360252765","-262.547771787224","0.562814927117997","0.562814927117997","0.562814927117997","1.27843403816223","71","-818.342350863926","-262.554921449372","0.0453","0.0399","0.0399","0.0399"
"39","10d","ln_1000obs.csv&1",NA,NA,"1",NA,NA,"130.411326367627","130.40340815586","0.538782267431445","0.538782267431445","0.538782267431445","6.27259516716003","254","-970.840386947146","130.394588755703","0.0426","0.04","0.04","0.04"
"40","20d","ln_1000obs.csv&1",NA,NA,"1",NA,NA,"414.38470528848","414.375512574602","0.524736001497923","0.524736001497923","0.524736001497923","52.4294331073761","705","-1000.03892209135","414.365939484326","0.0428","0.0464","0.0464","0.0464"
"41","2d","ln_100obs.csv&1",NA,NA,"1",NA,NA,"-99.3672063934913","-99.3672136963615","0.630513350829443","0.630513350829443","0.630513350829443","0.00622701644897461","2","-99.3409432332208","-99.3671682604517","0.1406","0.1406","0.1406","0.1406"
"42","5d","ln_100obs.csv&1",NA,NA,"1",NA,NA,"-25.3580257240008","-25.3628412403554","0.563170409613527","0.563170409613527","0.563170409613527","0.239469051361084","74","-97.3803808709803","-25.3691780390812","0.1424","0.1689","0.1689","0.1689"
"43","10d","ln_100obs.csv&1",NA,NA,"1",NA,NA,"8.53755465212822","8.5300088405839","0.542342153440476","0.542342153440476","0.542342153440476","0.856688022613525","206","-93.0569952060782","8.52152681818565","0.1424","0.1763","0.1763","0.1763"
"44","20d","ln_100obs.csv&1",NA,NA,"1",NA,NA,"40.2643197595432","40.2550045557871","0.52676371011498","0.52676371011498","0.52676371011498","6.99381494522095","421","-98.8730145265011","40.2454231256256","0.1402","0.198","0.198","0.198"
"45","2d","ln_10obs.csv&1",NA,NA,"1",NA,NA,"-9.36892809420635","-9.36892891963658","0.631024734635722","0.631024734635722","0.631024734635722","0.00206995010375977","1","-9.36822416921591","-9.36892193228017","0.7941","0.7941","0.7941","0.7941"
"46","5d","ln_10obs.csv&1",NA,NA,"1",NA,NA,"-3.40137266505892","-3.40616376391082","0.574647243521564","0.574647243521564","0.574647243521564","0.104043006896973","38","-9.32003224691106","-3.41219132535139","0.7941","0.81","0.81","0.81"
"47","10d","ln_10obs.csv&1","1","1","1","0.110541672567339","0.110541672567339","0.110541672567339","0.101922381666306","0","0","0.550955587966114","0.231637954711914","94","-8.79838699507492","0.0926742961626221","0.7941","0.9916","0.992","0.9924"
"48","20d","ln_10obs.csv&1","1","1","1","2.94147730760636","2.94147730760636","2.94147730760636","2.93260621154686","0","0","0.536010821897901","1.47804999351501","183","-9.33177965645782","2.92336728556204","0.7941","1","1","1"
"49","2d",NA,NA,NA,NA,NA,NA,NA,NA,NA,NA,NA,NA,NA,NA,NA,NA,NA,NA,NA
"50","5d",NA,NA,NA,NA,NA,NA,NA,NA,NA,NA,NA,NA,NA,NA,NA,NA,NA,NA,NA
"51","10d",NA,NA,NA,NA,NA,NA,NA,NA,NA,NA,NA,NA,NA,NA,NA,NA,NA,NA,NA
"52","20d",NA,NA,NA,NA,NA,NA,NA,NA,NA,NA,NA,NA,NA,NA,NA,NA,NA,NA,NA
"53","2d","pareto_1000obs.csv&1",NA,NA,"1",NA,NA,"-2740.12942532463","-2740.12946615516","0.400198609860766","0.400198609860766","0.400198609860766","0.0163490772247314","1","-2740.12948443469","-2740.12922129399","0.9497","0.9497","0.9497","0.9497"
"54","5d","pareto_1000obs.csv&1",NA,NA,"11",NA,NA,"-2273.508747818","-2274.45448560217","0.492331242090072","0.492331242090072","0.492331242090072","6.38821816444397","294","-2747.18126897198","-2273.60692272935","0.9494","0.9931","0.9923","0.9931"
"55","10d","pareto_1000obs.csv&1",NA,NA,"2",NA,NA,"-2166.48661925489","-2166.50641444202","0.49595788579635","0.49595788579635","0.49595788579635","2.01461028258006","1363","-2733.33800769585","-2166.51506972888","0.9499","0.9982","0.9982","0.9982"
"56","20d","pareto_1000obs.csv&1",NA,NA,"1",NA,NA,"-2544.33079360061","-2544.34077292413","0.343981524912416","0.343981524912416","0.343981524912416","1.22664237247573","4699","-2739.7285504475","-2544.35076195051","0.9498","0.9555","0.9555","0.9555"
"57","2d","pareto_100obs.csv&1",NA,NA,"1",NA,NA,"-266.433632444044","-266.433639351272","0.423190984124495","0.423190984124495","0.423190984124495","0.00389218330383301","1","-266.433600702235","-266.433598542844","0.9228","0.9228","0.9228","0.9228"
"58","5d","pareto_100obs.csv&1",NA,NA,"1",NA,NA,"-266.462880923454","-266.470368069081","0.423302910030092","0.423302910030092","0.423302910030092","0.00445389747619629","1","-266.450467951908","-266.446325919495","0.9228","0.9228","0.9228","0.9228"
"59","10d","pareto_100obs.csv&1",NA,NA,"1",NA,NA,"-258.648796921142","-258.658685522482","0.383565314253646","0.383565314253646","0.383565314253646","3.37733101844788","148","-266.619702566096","-258.650380768791","0.9228","0.9256","0.9256","0.9255"
"60","20d","pareto_100obs.csv&1",NA,NA,"1",NA,NA,"-258.351371883632","-258.36093187664","0.383667827497187","0.383667827497187","0.383667827497187","1.45634055137634","291","-266.551332117491","-258.370170001672","0.9228","0.9257","0.9257","0.9257"
"61","2d","pareto_10obs.csv&1","1","1","1","-24.7810895795935","-24.7810895795935","-24.7810895795935","-24.7810903561517","0","0","0.501962652402343","0.00217509269714355","1","-24.7810905435661","-24.7810843761339","1","1","1","1"
"62","5d","pareto_10obs.csv&1","1","1","1","-23.9962827191272","-23.9962827191272","-23.9962827191272","-24.0054753008683","0","0","0.470397706092871","0.0737631320953369","30","-24.7755744275896","-24.008015355267","1","1","1","1"
"63","10d","pareto_10obs.csv&1","1","1","1","-24.7962168042236","-24.7962168042236","-24.7962168042236","-24.8044387289996","0","0","0.502384006232274","0.0228049755096436","4","-24.8580627801311","-24.816663097863","1","1","1","1"
"64","20d","pareto_10obs.csv&1","1","1","1","-24.8014523435811","-24.8014523435811","-24.8014523435811","-24.807363318155","0","0","0.50247824321378","0.0665218830108643","1","-24.8211427897069","-24.8149593179732","1","1","1","1"
"65","2d",NA,NA,NA,NA,NA,NA,NA,NA,NA,NA,NA,NA,NA,NA,NA,NA,NA,NA,NA
"66","5d",NA,NA,NA,NA,NA,NA,NA,NA,NA,NA,NA,NA,NA,NA,NA,NA,NA,NA,NA
"67","10d",NA,NA,NA,NA,NA,NA,NA,NA,NA,NA,NA,NA,NA,NA,NA,NA,NA,NA,NA
"68","20d",NA,NA,NA,NA,NA,NA,NA,NA,NA,NA,NA,NA,NA,NA,NA,NA,NA,NA,NA
"69","2d","ph10_1000obs.csv&1","1","1","1","-1516.68313204768","-1516.68313204768","-1516.68313204768","-1516.68313538004","0","0","0.49767520448495","0.0168519020080566","1","-1516.68313229088","-1516.68312369454","1","1","1","1"
"70","5d","ph10_1000obs.csv&1","1","1","1","-1516.42352343165","-1516.42352343165","-1516.42352343165","-1516.42472038725","0","0","0.500410727336445","0.478155851364136","26","-1517.07352074387","-1516.518346025","1","1","1","1"
"71","10d","ph10_1000obs.csv&1","1","1","1","-1516.20054582224","-1516.20054582224","-1516.20054582224","-1516.20289638239","0","0","0.500749642651697","0.0343718528747559","1","-1516.20717176189","-1516.20503197321","1","1","1","1"
"72","20d","ph10_1000obs.csv&1","1","1","1","-1516.53447757344","-1516.53447757344","-1516.53447757344","-1516.54371741963","0","0","0.498252495902936","4.7404088973999","34","-1517.26213608647","-1516.54190387769","1","1","1","1"
"73","2d","ph10_100obs.csv&1","1","1","1","-147.128962288761","-147.128962288761","-147.128962288761","-147.128965934621","0","0","0.50628098914549","0.00348901748657227","1","-147.128952129011","-147.128952441725","1","1","1","1"
"74","5d","ph10_100obs.csv&1","1","1","10","-145.520864396713","-145.520864396713","-145.370690029546","-145.553127932357","0.00557227898840313","0.00557227898840313","0.495921871889455","0.174180030822754","51","-146.651532477464","-145.359161192643","1","1","1","1"
"75","10d","ph10_100obs.csv&1","1","1","4","-145.85192594817","-145.85192594817","-145.821141656693","-145.86360338453","0.000667277948418794","0.000667277948418794","0.49341800265971","0.394876956939697","50","-147.300856092672","-145.847034649311","1","1","1","1"
"76","20d","ph10_100obs.csv&1","1","1","1","-145.839554568697","-145.839554568697","-145.839554568697","-145.848337352865","0","0","0.49709825478778","2.25171613693237","42","-147.070093051773","-145.857642350106","1","1","1","1"
"77","2d","ph10_10obs.csv&1","1","1","1","-13.172525130331","-13.172525130331","-13.172525130331","-13.172525962973","0","0","0.493453279327085","0.00237798690795898","1","-13.1725184849303","-13.1725207947472","1","1","1","1"
"78","5d","ph10_10obs.csv&1","1","1","1","-13.155370119697","-13.155370119697","-13.155370119697","-13.1586955738495","0","0","0.495877121128921","0.00833392143249512","4","-13.2269900451373","-13.1683708635606","1","1","1","1"
"79","10d","ph10_10obs.csv&1","1","1","1","-13.1124088228433","-13.1124088228433","-13.1124088228433","-13.120302519889","0","0","0.48860745170439","0.00784206390380859","2","-13.150834286362","-13.1310909326218","1","1","1","1"
"80","20d","ph10_10obs.csv&1","1","1","1","-12.8995818260467","-12.8995818260467","-12.8995818260467","-12.9091524138395","0","0","0.481696535479984","0.658387184143066","21","-13.1671832207635","-12.9178761498386","1","1","1","1"
"81","2d",NA,NA,NA,NA,NA,NA,NA,NA,NA,NA,NA,NA,NA,NA,NA,NA,NA,NA,NA
"82","5d",NA,NA,NA,NA,NA,NA,NA,NA,NA,NA,NA,NA,NA,NA,NA,NA,NA,NA,NA
"83","10d",NA,NA,NA,NA,NA,NA,NA,NA,NA,NA,NA,NA,NA,NA,NA,NA,NA,NA,NA
"84","20d",NA,NA,NA,NA,NA,NA,NA,NA,NA,NA,NA,NA,NA,NA,NA,NA,NA,NA,NA
"85","2d","ph20_1000obs.csv&1","1","1","1","-1727.51438742376","-1727.51438742376","-1727.51438742376","-1727.51438912039","0","0","0.506142109071386","0.0151500701904297","1","-1727.51430795175","-1727.5143795588","1","1","1","1"
"86","5d","ph20_1000obs.csv&1","1","1","3","-1726.26645802187","-1726.26645802187","-1726.2462791693","-1726.27758390718","0.000170309436460435","0.000170309436460435","0.501949387104025","0.51976203918457","28","-1727.10363616542","-1726.25369526487","1","1","1","1"
"87","10d","ph20_1000obs.csv&1","1","1","1","-1726.20092781977","-1726.20092781977","-1726.20092781977","-1726.2104632259","0","0","0.502663235576323","1.90816307067871","63","-1727.92167309007","-1726.21253314638","1","1","1","1"
"88","20d","ph20_1000obs.csv&1","1","1","2","-1726.15790291142","-1726.15790291142","-1726.14802689065","-1726.16828663409","4.62176417086033e-05","4.62176417086033e-05","0.503447892655104","5.18505477905273","35","-1727.07331561831","-1726.15196361849","1","1","1","1"
"89","2d","ph20_100obs.csv&1","1","1","1","-184.420966176168","-184.420966176168","-184.420966176168","-184.420968168079","0","0","0.496354835467221","0.0031120777130127","1","-184.419391307167","-184.420955481493","1","1","1","1"
"90","5d","ph20_100obs.csv&1","1","1","1","-184.029801924093","-184.029801924093","-184.029801924093","-184.034610798776","0","0","0.504134971238371","0.0875279903411865","20","-184.993514467116","-184.068870276524","1","1","1","1"
"91","10d","ph20_100obs.csv&1","1","1","1","-184.34290258742","-184.34290258742","-184.34290258742","-184.352018860355","0","0","0.497645244725765","0.0396928787231445","5","-184.373827611992","-184.320902148387","1","1","1","1"
"92","20d","ph20_100obs.csv&1","1","1","1","-184.408270575251","-184.408270575251","-184.408270575251","-184.411777702661","0","0","0.496576670327209","0.0524938106536865","1","-184.420254631445","-184.416542353409","1","1","1","1"
"93","2d","ph20_10obs.csv&1","1","1","1","-18.5480512247262","-18.5480512247262","-18.5480512247262","-18.5480520692213","0","0","0.45768069809657","0.00256991386413574","1","-18.5480449364928","-18.5480466828872","1","1","1","1"
"94","5d","ph20_10obs.csv&1","1","1","1","-16.4369504037447","-16.4369504037447","-16.4369504037447","-16.4456507707286","0","0","0.510017445126195","0.0507960319519043","19","-17.6877128320815","-16.454701610317","1","1","1","1"
"95","10d","ph20_10obs.csv&1","1","1","1","-16.4401203804491","-16.4401203804491","-16.4401203804491","-16.4450144107179","0","0","0.509636125588967","0.0997300148010254","16","-18.8192829578637","-16.4509338996824","1","1","1","1"
"96","20d","ph20_10obs.csv&1","1","1","1","-16.4096517030142","-16.4096517030142","-16.4096517030142","-16.4136394438545","0","0","0.50634817205475","0.963747024536133","20","-18.4540385100024","-16.4191864839361","1","1","1","1"
"97","2d",NA,NA,NA,NA,NA,NA,NA,NA,NA,NA,NA,NA,NA,NA,NA,NA,NA,NA,NA
"98","5d",NA,NA,NA,NA,NA,NA,NA,NA,NA,NA,NA,NA,NA,NA,NA,NA,NA,NA,NA
"99","10d",NA,NA,NA,NA,NA,NA,NA,NA,NA,NA,NA,NA,NA,NA,NA,NA,NA,NA,NA
"100","20d",NA,NA,NA,NA,NA,NA,NA,NA,NA,NA,NA,NA,NA,NA,NA,NA,NA,NA,NA
"101","2d","ph5_1000obs.csv&1","1","1","1","-1382.17494263322","-1382.17494263322","-1382.17494263322","-1382.17494401882","0","0","0.506136367200475","0.0167961120605469","1","-1382.17475698207","-1382.17493581769","1","1","1","1"
"102","5d","ph5_1000obs.csv&1","1","1","1","-1381.34458493438","-1381.34458493438","-1381.34458493438","-1381.34527716493","0","0","0.500423588822464","0.0199010372161865","1","-1381.34597644519","-1381.34457104839","1","1","1","1"
"103","10d","ph5_1000obs.csv&1","1","1","1","-1381.55819215835","-1381.55819215835","-1381.55819215835","-1381.56134349317","0","0","0.503169135603478","0.339999914169312","12","-1381.88503220456","-1381.57290843854","1","1","1","1"
"104","20d","ph5_1000obs.csv&1","1","1","1","-1382.01929604826","-1382.01929604826","-1382.01929604826","-1382.02349517702","0","0","0.50536772987261","0.0992960929870605","1","-1382.04175678309","-1382.03673069283","1","1","1","1"
"105","2d","ph5_100obs.csv&1","1","1","1","-132.118995556456","-132.118995556456","-132.118995556456","-132.118998475222","0","0","0.51981892598554","0.00297403335571289","1","-132.11899378311","-132.118991679824","1","1","1","1"
"106","5d","ph5_100obs.csv&1","1","1","7","-132.093274121144","-132.093274121144","-132.008426658261","-132.119358761575","0.00271296057373045","0.00271296057373045","0.517604005988495","0.0314319133758545","10","-132.274096417715","-132.028098698004","1","1","1","1"
"107","10d","ph5_100obs.csv&1","1","1","1","-132.14819787281","-132.14819787281","-132.14819787281","-132.156727673527","0","0","0.521494410449735","0.0120868682861328","2","-132.185155972321","-132.164848242768","1","1","1","1"
"108","20d","ph5_100obs.csv&1","1","1","1","-132.162562301912","-132.162562301912","-132.162562301912","-132.164400178633","0","0","0.518243528539089","0.0252561569213867","1","-132.168214377064","-132.166115142847","1","1","1","1"
"109","2d","ph5_10obs.csv&1","1","1","1","-14.3626247622973","-14.3626247622973","-14.3626247622973","-14.3626255635702","0","0","0.476661016901923","0.0025489330291748","1","-14.3625886988685","-14.3626211554979","1","1","1","1"
"110","5d","ph5_10obs.csv&1","1","1","1","-13.9841928928718","-13.9841928928718","-13.9841928928718","-13.9908988394377","0","0","0.505917370496047","0.0165538787841797","9","-14.158711659815","-13.9981166497635","1","1","1","1"
"111","10d","ph5_10obs.csv&1","1","1","1","-14.0704176157961","-14.0704176157961","-14.0704176157961","-14.0795424451697","0","0","0.494816037224631","0.0507850646972656","16","-14.2659228160744","-14.0717822920396","1","1","1","1"
"112","20d","ph5_10obs.csv&1","1","1","1","-14.248026231331","-14.248026231331","-14.248026231331","-14.2572312071048","0","0","0.48191327627137","0.17379903793335","8","-14.3570587841535","-14.2658933892696","1","1","1","1"
"113","2d",NA,NA,NA,NA,NA,NA,NA,NA,NA,NA,NA,NA,NA,NA,NA,NA,NA,NA,NA
"114","5d",NA,NA,NA,NA,NA,NA,NA,NA,NA,NA,NA,NA,NA,NA,NA,NA,NA,NA,NA
"115","10d",NA,NA,NA,NA,NA,NA,NA,NA,NA,NA,NA,NA,NA,NA,NA,NA,NA,NA,NA
"116","20d",NA,NA,NA,NA,NA,NA,NA,NA,NA,NA,NA,NA,NA,NA,NA,NA,NA,NA,NA
"117","2d","unif_1000obs.csv&1",NA,NA,"1",NA,NA,"-296.334219242447","-296.334219242445","0.566023481936586","0.566023481936586","0.566023481936586","0.0162160396575928","1","-296.334219242447","-296.334219242448","0.156","0.156","0.156","0.156"
"118","5d","unif_1000obs.csv&1",NA,NA,"1",NA,NA,"-137.49856348597","-137.508155645786","0.516823612582238","0.516823612582238","0.516823612582238","5.06104516983032","279","-286.925905905566","-137.51692025091","0.1598","0.5653","0.5653","0.5655"
"119","10d","unif_1000obs.csv&1",NA,NA,"1",NA,NA,"-99.9042414652526","-99.9140268512595","0.510120025531654","0.510120025531654","0.510120025531654","15.8079650402069","629","-265.071646740707","-99.9238839637425","0.1804","0.7797","0.7797","0.7797"
"120","20d","unif_1000obs.csv&1",NA,NA,"1",NA,NA,"-72.9058290781429","-72.9157909902422","0.506044819384651","0.506044819384651","0.506044819384651","1.4846239010493","1349","-284.547370406379","-72.9257697780416","0.1653","0.9054","0.9054","0.9056"
"121","2d","unif_100obs.csv&1",NA,NA,"1",NA,NA,"-28.098500983923","-28.0985038007408","0.56689429836753","0.56689429836753","0.56689429836753","0.00351405143737793","1","-28.0984972758567","-28.09849727585","0.6524","0.6524","0.6524","0.6524"
"122","5d","unif_100obs.csv&1","1","1","1","-11.5097973194889","-11.5097973194889","-11.5097973194889","-11.5190598663081","0","0","0.521320483829503","0.577108860015869","172","-25.7033777204467","-11.5286726663462","0.7107","1","1","1"
"123","10d","unif_100obs.csv&1","1","1","1","-4.71972930695355","-4.71972930695355","-4.71972930695355","-4.72920158914892","0","0","0.512200903039796","1.62486791610718","341","-27.2538022735923","-4.73892640937243","0.6758","1","1","1"
"124","20d","unif_100obs.csv&1","1","1","1","-4.28028307077895","-4.28028307077895","-4.28028307077895","-4.29009834676295","0","0","0.511431531872634","5.38087201118469","330","-27.6822590732912","-4.29999187337076","0.6637","1","1","1"
"125","2d","unif_10obs.csv&1","1","1","1","-2.06627130973267","-2.06627130973267","-2.06627130973267","-2.06627220360706","0","0","0.562118903490276","0.00245308876037598","1","-2.06491840561365","-2.06626633607977","1","1","1","1"
"126","5d","unif_10obs.csv&1","1","1","1","-1.12477385323916","-1.12477385323916","-1.12477385323916","-1.13206616151644","0","0","0.529235803863715","0.018218994140625","9","-1.34181117548248","-1.13761509423825","1","1","1","1"
"127","10d","unif_10obs.csv&1","1","1","1","-1.09958221553773","-1.09958221553773","-1.09958221553773","-1.10765674282602","0","0","0.528274442803795","0.130424022674561","27","-2.13794367113657","-1.11558409075266","1","1","1","1"
"128","20d","unif_10obs.csv&1","1","1","1","-1.14221264463318","-1.14221264463318","-1.14221264463318","-1.151629789699","0","0","0.52844004487193","0.442936897277832","48","-2.02009030578283","-1.1610748311251","1","1","1","1"
"129","2d",NA,NA,NA,NA,NA,NA,NA,NA,NA,NA,NA,NA,NA,NA,NA,NA,NA,NA,NA
"130","5d",NA,NA,NA,NA,NA,NA,NA,NA,NA,NA,NA,NA,NA,NA,NA,NA,NA,NA,NA
"131","10d",NA,NA,NA,NA,NA,NA,NA,NA,NA,NA,NA,NA,NA,NA,NA,NA,NA,NA,NA
"132","20d",NA,NA,NA,NA,NA,NA,NA,NA,NA,NA,NA,NA,NA,NA,NA,NA,NA,NA,NA
"133","2d"," multimodal_1000obs.csv&2",NA,NA,"2",NA,NA,"-324.401493971451","-313.162397744449","0.555981213369161","0.555981213369161","0.555981213369161","0.0338559150695801","2","-313.162396019772","-324.401493392089","0.1155","0.1159","0.1155","0.1159"
"134","5d"," multimodal_1000obs.csv&2",NA,NA,"2",NA,NA,"-175.269005253061","-165.396445658491","0.516665772352473","0.516665772352473","0.516665772352473","4.87266898155212","255","-309.288589791458","-175.297256649585","0.1172","0.4892","0.5198","0.4893"
"135","10d"," multimodal_1000obs.csv&2",NA,NA,"3",NA,NA,"-86.7803895903875","-78.7232441000514","0.509233677292356","0.509233677292356","0.509233677292356","15.5737428665161","635","-310.147851417652","-86.8132905553761","0.1161","0.6452","0.6439","0.6453"
"136","20d"," multimodal_1000obs.csv&2",NA,NA,"3",NA,NA,"-16.6260740380794","-9.27590100757103","0.503936811751595","0.503936811751595","0.503936811751595","1.1386409163475","1031","-312.312265304024","-16.6616168350129","0.1163","0.8649","0.8559","0.8655"
"137","2d"," multimodal_100obs.csv&2",NA,NA,"2",NA,NA,"-38.0296705423498","-28.0489958474955","0.525272416175833","0.525272416175833","0.525272416175833","0.00668907165527344","2","-28.0489772258313","-38.0296614561154","0.5504","0.5553","0.5504","0.5553"
"138","5d"," multimodal_100obs.csv&2","1","1","4","-18.1885002557898","-18.1885002557898","-18.1319132197669","-17.9142736066897","0.00346539316202156","0.00346539316202156","0.486445897904624","0.573724985122681","177","-28.2744176552504","-18.1767193148683","0.5457","0.7978","0.6922","0.7982"
"139","10d"," multimodal_100obs.csv&2","1","1","8","-11.2590757652259","-11.2590757652259","-11.1317998694359","-15.5904267803084","0.00242343018185508","0.00242343018185508","0.480247135013708","0.943222045898438","230","-27.8711644045337","-11.20300006141","0.5512","0.8793","0.7559","0.8789"
"140","20d"," multimodal_100obs.csv&2","1","1","5","4.16554544077619","4.16554544077619","4.35426073421295","0.680734579955114","0.00439994560239525","0.00439994560239525","0.469266874128754","9.64219999313354","658","-27.8013727159277","4.29889675563062","0.5557","1","0.8332","1"
"141","2d"," multimodal_10obs.csv&2","1","1","2","-5.58452964863356","-5.58452964863356","-5.5845288632402","0.102021252364603","1.46051201521669e-07","1.46051201521669e-07","0.389499016832997","0.00398516654968262","2","0.106604917066071","-5.584524322487","0.8326","1","0.8326","1"
"142","5d"," multimodal_10obs.csv&2","1","1","4","-2.74983013303189","-2.74983013303189","-2.7186704133366","-1.26256615424449","0.00212585120076577","0.00212585120076577","0.286480481248761","0.105235815048218","50","0.316907052200327","-2.72896376521876","0.8574","1","0.723","1"
"143","10d"," multimodal_10obs.csv&2","1","1","6","-2.75131689553225","-2.75131689553225","-2.67657113926618","-0.492628300256854","0.00463267752487116","0.00463267752487116","0.283422948780316","0.109361886978149","46","0.129048811870765","-2.70719360829996","0.8356","1","0.7321","1"
"144","20d"," multimodal_10obs.csv&2","1","1","4","-2.76927115409053","-2.76927115409053","-2.73806087987779","-1.60353638053703","0.00202186159202236","0.00202186159202236","0.286503287865386","0.50042986869812","55","0.104048340356186","-2.75060126780169","0.8326","1","0.7137","1"
"145","2d",NA,NA,NA,NA,NA,NA,NA,NA,NA,NA,NA,NA,NA,NA,NA,NA,NA,NA,NA
"146","5d",NA,NA,NA,NA,NA,NA,NA,NA,NA,NA,NA,NA,NA,NA,NA,NA,NA,NA,NA
"147","10d",NA,NA,NA,NA,NA,NA,NA,NA,NA,NA,NA,NA,NA,NA,NA,NA,NA,NA,NA
"148","20d",NA,NA,NA,NA,NA,NA,NA,NA,NA,NA,NA,NA,NA,NA,NA,NA,NA,NA,NA
"149","2d","exp_rate1_1000obs.csv&2","1","1","2","-980.837349931551","-980.837349931551","-980.837349931551","-1005.06762145485","4.36583490026621e-10","4.36583490026621e-10","0.508218188809676","0.0315721035003662","2","-1005.06740443461","-980.837335907821","1","1","1","1"
"150","5d","exp_rate1_1000obs.csv&2","1","1","2","-980.641319764703","-980.641319764703","-980.641098288919","-1004.93662101083","1.68793400587461e-05","1.68793400587461e-05","0.50500038681568","0.0319461822509766","2","-1004.99875761577","-980.645357669464","1","1","1","1"
"151","10d","exp_rate1_1000obs.csv&2","1","1","3","-980.905382946116","-980.905382946116","-980.885986952234","-1005.06419240637","0.000169225329990539","0.000169225329990539","0.508474877106318","0.804756879806519","32","-1005.52349558339","-980.886167893892","1","1","1","1"
"152","20d","exp_rate1_1000obs.csv&2","1","1","2","-981.109050843341","-981.109050843341","-981.099567295595","-1004.81523897973","5.08929142310295e-05","5.08929142310295e-05","0.509875592512901","0.576935768127441","7","-1004.80617740514","-981.111999343716","1","1","1","1"
"153","2d","exp_rate1_100obs.csv&2","1","1","2","-103.303518583825","-103.303518583825","-103.303518583825","-104.634657830138","1.85118536499829e-09","1.85118536499829e-09","0.515188251910245","0.0060279369354248","2","-104.63464049979","-103.303510028841","1","1","1","1"
"154","5d","exp_rate1_100obs.csv&2","1","1","2","-102.896459768484","-102.896459768484","-102.889601534776","-104.32855969352","0.000349845342952724","0.000349845342952724","0.505530636547964","0.0415170192718506","14","-105.798271978786","-102.875731957192","1","1","1","1"
"155","10d","exp_rate1_100obs.csv&2","1","1","2","-103.215517440403","-103.215517440403","-103.207563905807","-104.564961596846","0.000239796977069963","0.000239796977069963","0.513142207335863","0.080665111541748","16","-104.966124092812","-103.227726583917","1","1","1","1"
"156","20d","exp_rate1_100obs.csv&2","1","1","2","-103.308982065709","-103.308982065709","-103.304824272351","-104.636702138616","0.00012731573572393","0.00012731573572393","0.51537979231724","0.0667819976806641","2","-104.645121240951","-103.316036057353","1","1","1","1"
"157","2d","exp_rate1_10obs.csv&2","1","1","2","-12.5025801880059","-12.5025801880059","-12.5025795835855","-9.07154478596449","9.48022066959986e-08","9.48022066959986e-08","0.401699986080175","0.00370693206787109","2","-9.0714711332758","-12.5025746891418","1","1","1","1"
"158","5d","exp_rate1_10obs.csv&2",NA,NA,"7",NA,NA,"-10.9571721431072","-11.0504362978165","0.353925518993352","0.353925518993352","0.353925518993352","0.0581700801849365","33","-8.97211623481252","-10.9731611401815","1","1","1","1"
"159","10d","exp_rate1_10obs.csv&2",NA,NA,"8",NA,NA,"-10.9217412943279","-11.0726235128505","0.355264810971364","0.355264810971364","0.355264810971364","0.138098955154419","41","-8.99548498538287","-10.9431314588677","1","1","1","1"
"160","20d","exp_rate1_10obs.csv&2",NA,NA,"9",NA,NA,"-10.6749569123129","-11.996331476976","0.350908121269422","0.350908121269422","0.350908121269422","1.22990608215332","57","-9.06269267226113","-10.6940249240001","1","1","1","1"
"161","2d",NA,NA,NA,NA,NA,NA,NA,NA,NA,NA,NA,NA,NA,NA,NA,NA,NA,NA,NA
"162","5d",NA,NA,NA,NA,NA,NA,NA,NA,NA,NA,NA,NA,NA,NA,NA,NA,NA,NA,NA
"163","10d",NA,NA,NA,NA,NA,NA,NA,NA,NA,NA,NA,NA,NA,NA,NA,NA,NA,NA,NA
"164","20d",NA,NA,NA,NA,NA,NA,NA,NA,NA,NA,NA,NA,NA,NA,NA,NA,NA,NA,NA
"165","2d","ln_1000obs.csv&2",NA,NA,"2",NA,NA,"-1008.92742630053","-1001.54718672015","0.627657286326836","0.627657286326836","0.627657286326836","0.0331840515136719","2","-998.256123658036","-1008.92701947161","0.0389","0.0394","0.0389","0.0394"
"166","5d","ln_1000obs.csv&2",NA,NA,"2",NA,NA,"-271.162168972064","-262.545062690576","0.557155340859363","0.557155340859363","0.557155340859363","1.71124005317688","92","-996.596100922833","-271.176648681109","0.0386","0.0551","0.0552","0.0551"
"167","10d","ln_1000obs.csv&2",NA,NA,"2",NA,NA,"119.721403078607","130.407382535146","0.530387317247417","0.530387317247417","0.530387317247417","9.64451885223389","381","-958.685993640072","119.699153541289","0.0395","0.0644","0.0622","0.0644"
"168","20d","ln_1000obs.csv&2",NA,NA,"2",NA,NA,"445.924101878386","460.753234993761","0.510868477849081","0.510868477849081","0.510868477849081","1.29739475250244","1027","-984.792663640865","445.897384507185","0.0389","0.076","0.0773","0.076"
"169","2d","ln_100obs.csv&2",NA,NA,"2",NA,NA,"-99.7123104256238","-99.3672136963603","0.629249341621966","0.629249341621966","0.629249341621966","0.0072321891784668","2","-99.3666694103712","-99.7122610625942","0.1914","0.1969","0.1914","0.1969"
"170","5d","ln_100obs.csv&2",NA,NA,"2",NA,NA,"-40.2151922953583","-39.9687586780991","0.571575139722868","0.571575139722868","0.571575139722868","0.151587963104248","52","-98.1933402910749","-40.2295075813018","0.1989","0.162","0.162","0.162"
"171","10d","ln_100obs.csv&2",NA,NA,"2",NA,NA,"14.1159516477351","14.0847809237541","0.53544869202903","0.53544869202903","0.53544869202903","0.769608974456787","188","-96.7991248867353","14.0924412962049","0.2038","0.1729","0.1726","0.1729"
"172","20d","ln_100obs.csv&2",NA,NA,"2",NA,NA,"37.7431702731065","37.4356454967521","0.523011668475848","0.523011668475848","0.523011668475848","8.06101989746094","531","-98.6469829187589","37.715719185654","0.1914","0.2309","0.223","0.2309"
"173","2d","ln_10obs.csv&2",NA,NA,"2",NA,NA,"-10.1667157176544","-9.36892877805134","0.601792689545879","0.601792689545879","0.601792689545879","0.0043179988861084","2","-9.36890865481249","-10.1667098090404","0.4099","0.4866","0.4099","0.4866"
"174","5d","ln_10obs.csv&2","1","1","2","-4.24162578976192","-4.24162578976192","-4.23813412675452","-3.4081020416609","4.10642371479364e-05","4.10642371479364e-05","0.521672664281561","0.0651259422302246","27","-8.69489645136663","-4.25013646184792","0.4099","1","0.6743","1"
"175","10d","ln_10obs.csv&2","1","1","2","0.0543056043601417","0.0543056043601417","0.0636599082033575","0.960255400085188","0.000136337793447805","0.000136337793447805","0.463946666770471","0.254993915557861","109","-9.26567747992594","0.0349516456240679","0.4099","1","0.8964","1"
"176","20d","ln_10obs.csv&2","1","1","2","2.04286857088454","2.04286857088454","2.05218774051401","3.0251762928103","0.000146323611110233","0.000146323611110233","0.434994862464149","1.65692496299744","196","-9.32087311475462","2.02332128524646","0.4099","1","0.8978","1"
"177","2d",NA,NA,NA,NA,NA,NA,NA,NA,NA,NA,NA,NA,NA,NA,NA,NA,NA,NA,NA
"178","5d",NA,NA,NA,NA,NA,NA,NA,NA,NA,NA,NA,NA,NA,NA,NA,NA,NA,NA,NA
"179","10d",NA,NA,NA,NA,NA,NA,NA,NA,NA,NA,NA,NA,NA,NA,NA,NA,NA,NA,NA
"180","20d",NA,NA,NA,NA,NA,NA,NA,NA,NA,NA,NA,NA,NA,NA,NA,NA,NA,NA,NA
"181","2d","pareto_1000obs.csv&2",NA,NA,"3",NA,NA,"-3791.17272735931","-2740.12870695931","0.202881648787482","0.202881648787482","0.202881648787482","0.0505878925323486","3","-2740.12948334335","-3791.17223941277","0.9983","0.993","0.9983","0.993"
"182","5d","pareto_1000obs.csv&2",NA,NA,"140",NA,NA,"-2306.9113463196","-2304.46745170802","0.500624641979165","0.500624641979165","0.500624641979165","42.3937389850616","327","-2734.78073923848","-2428.74338447352","0.9983","0.9994","0.9995","0.9997"
"183","10d","pareto_1000obs.csv&2",NA,NA,"6",NA,NA,"-2223.96861029465","-2176.10632973269","0.494558861677269","0.494558861677269","0.494558861677269","40.3411605834961","1375","-2741.29356705191","-2224.03186630757","0.9983","0.9998","0.9998","0.9998"
"184","20d","pareto_1000obs.csv&2",NA,NA,"3",NA,NA,"-3775.0723622588","-2688.69329651524","0.190288827734851","0.190288827734851","0.190288827734851","5.19261173056232","636","-2741.63976071426","-3775.16465643904","0.9983","0.9931","0.9984","0.9931"
"185","2d","pareto_100obs.csv&2",NA,NA,"2",NA,NA,"-264.350819989327","-266.433639573988","0.428191024972809","0.428191024972809","0.428191024972809","0.00690007209777832","2","-266.43364230193","-264.350781269013","0.9392","0.9433","0.9392","0.9433"
"186","5d","pareto_100obs.csv&2",NA,NA,"6",NA,NA,"-227.596854910527","-226.675808725281","0.491554114093501","0.491554114093501","0.491554114093501","0.494681119918823","112","-269.173419338184","-227.644697200303","0.9415","0.9994","0.9994","0.9994"
"187","10d","pareto_100obs.csv&2","1","1","6","-222.630961287594","-222.630961287594","-222.573950915871","-219.612131578953","0.00258144045914832","0.00258144045914832","0.486203772050232","11.6350929737091","447","-266.527623691953","-222.640073108338","0.9394","1","1","1"
"188","20d","pareto_100obs.csv&2",NA,NA,"2",NA,NA,"-255.848545167696","-257.836374558875","0.387240922386555","0.387240922386555","0.387240922386555","1.83266696532567","289","-266.469040597668","-255.877981201427","0.9393","0.9366","0.9331","0.9366"
"189","2d","pareto_10obs.csv&2",NA,NA,"2",NA,NA,"-30.7505762100426","-24.7810861491488","0.357239675507115","0.357239675507115","0.357239675507115","0.0039370059967041","2","-24.7810900195201","-30.7505728746927","1","1","1","1"
"190","5d","pareto_10obs.csv&2",NA,NA,"2",NA,NA,"-30.699086807115","-24.6423823030177","0.352145325670205","0.352145325670205","0.352145325670205","0.00716400146484375","2","-24.6736453152481","-30.7143990693362","1","1","1","1"
"191","10d","pareto_10obs.csv&2",NA,NA,"2",NA,NA,"-30.762337372534","-24.8138767447612","0.357724801017577","0.357724801017577","0.357724801017577","0.0308768749237061","2","-24.848670137712","-30.7801296952075","1","1","1","1"
"192","20d","pareto_10obs.csv&2",NA,NA,"2",NA,NA,"-30.7680454474994","-24.8166670308854","0.357969133000908","0.357969133000908","0.357969133000908","0.319193124771118","2","-24.8267145268469","-30.7735020673596","1","1","1","1"
"193","2d",NA,NA,NA,NA,NA,NA,NA,NA,NA,NA,NA,NA,NA,NA,NA,NA,NA,NA,NA
"194","5d",NA,NA,NA,NA,NA,NA,NA,NA,NA,NA,NA,NA,NA,NA,NA,NA,NA,NA,NA
"195","10d",NA,NA,NA,NA,NA,NA,NA,NA,NA,NA,NA,NA,NA,NA,NA,NA,NA,NA,NA
"196","20d",NA,NA,NA,NA,NA,NA,NA,NA,NA,NA,NA,NA,NA,NA,NA,NA,NA,NA,NA
"197","2d","ph10_1000obs.csv&2",NA,NA,"2",NA,NA,"-2025.55690995535","-1516.68312886906","0.37398507953829","0.37398507953829","0.37398507953829","0.0355668067932129","2","-1516.68216971277","-2025.55689898948","0.4677","1","0.4677","1"
"198","5d","ph10_1000obs.csv&2",NA,NA,"2",NA,NA,"-2025.20675384845","-1517.77498095146","0.370246500677256","0.370246500677256","0.370246500677256","0.915170907974243","49","-1518.91064231473","-2025.32959834741","0.4868","1","0.4682","1"
"199","10d","ph10_1000obs.csv&2",NA,NA,"2",NA,NA,"-2025.32068242504","-1517.91647364271","0.371255439475547","0.371255439475547","0.371255439475547","0.0706868171691895","2","-1518.01610143548","-2025.32383304321","0.4707","1","0.4708","1"
"200","20d","ph10_1000obs.csv&2",NA,NA,"2",NA,NA,"-2025.57894726162","-1516.60402182148","0.374223033484601","0.374223033484601","0.374223033484601","0.252826929092407","2","-1516.60469638497","-2025.57736247736","0.4674","1","0.4674","1"
"201","2d","ph10_100obs.csv&2",NA,NA,"2",NA,NA,"-190.389600879285","-147.12896022434","0.39554340205181","0.39554340205181","0.39554340205181","0.00576186180114746","2","-147.128606949071","-190.38959703437","0.6751","0.9994","0.6751","0.9994"
"202","5d","ph10_100obs.csv&2",NA,NA,"2",NA,NA,"-190.29157472083","-146.965367267646","0.393266469543081","0.393266469543081","0.393266469543081","0.00700116157531738","2","-147.082297004835","-190.324510430508","0.6727","1","0.6695","1"
"203","10d","ph10_100obs.csv&2",NA,NA,"2",NA,NA,"-190.322919745569","-146.880056350043","0.393400978520865","0.393400978520865","0.393400978520865","0.0121889114379883","2","-146.927796237758","-190.339524782135","0.671","1","0.6694","1"
"204","20d","ph10_100obs.csv&2",NA,NA,"2",NA,NA,"-190.434070986215","-147.322467066247","0.396509256527294","0.396509256527294","0.396509256527294","0.258631944656372","5","-147.53016520394","-190.479357651214","0.6804","0.9987","0.6781","0.999"
"205","2d","ph10_10obs.csv&2",NA,NA,"2",NA,NA,"-22.9793697557298","-13.1725117826947","0.267752498255496","0.267752498255496","0.267752498255496","0.00421690940856934","2","-12.9027773983377","-22.9793645367425","0.9922","1","0.9922","1"
"206","5d","ph10_10obs.csv&2",NA,NA,"2",NA,NA,"-22.9315135419125","-13.1582384798867","0.256613826716946","0.256613826716946","0.256613826716946","0.00472283363342285","2","-13.1642593053744","-22.9469064515195","0.9927","1","0.9938","1"
"207","10d","ph10_10obs.csv&2",NA,NA,"2",NA,NA,"-22.9792891462111","-13.1881028282962","0.267784651954916","0.267784651954916","0.267784651954916","0.0547599792480469","8","-13.3126447125241","-23.0087403650169","0.9908","1","0.9921","1"
"208","20d","ph10_10obs.csv&2",NA,NA,"2",NA,NA,"-22.956753054112","-13.1455747630575","0.26631354201732","0.26631354201732","0.26631354201732","0.140912055969238","2","-13.1733110451211","-22.9715849196054","0.9922","1","0.9923","1"
"209","2d",NA,NA,NA,NA,NA,NA,NA,NA,NA,NA,NA,NA,NA,NA,NA,NA,NA,NA,NA
"210","5d",NA,NA,NA,NA,NA,NA,NA,NA,NA,NA,NA,NA,NA,NA,NA,NA,NA,NA,NA
"211","10d",NA,NA,NA,NA,NA,NA,NA,NA,NA,NA,NA,NA,NA,NA,NA,NA,NA,NA,NA
"212","20d",NA,NA,NA,NA,NA,NA,NA,NA,NA,NA,NA,NA,NA,NA,NA,NA,NA,NA,NA
"213","2d","ph20_1000obs.csv&2",NA,NA,"2",NA,NA,"-1585.30459727234","-1727.51438948664","0.542212534385113","0.542212534385113","0.542212534385113","0.0339210033416748","2","-1727.5143870488","-1585.30458353877","0.7526","1","0.7526","1"
"214","5d","ph20_1000obs.csv&2",NA,NA,"2",NA,NA,"-1584.98676496481","-1728.24733869653","0.543977100833827","0.543977100833827","0.543977100833827","0.32304310798645","18","-1749.25617916579","-1585.12470186128","0.7577","1","0.7708","1"
"215","10d","ph20_1000obs.csv&2",NA,NA,"2",NA,NA,"-1585.24156166129","-1727.06592098555","0.54170253937257","0.54170253937257","0.54170253937257","0.0511400699615479","2","-1727.1057511934","-1585.24279586855","0.7523","1","0.7522","1"
"216","20d","ph20_1000obs.csv&2",NA,NA,"2",NA,NA,"-1585.28766648165","-1727.43771444977","0.542090275589127","0.542090275589127","0.542090275589127","0.216704130172729","2","-1727.49814090557","-1585.29803640455","0.7526","1","0.7525","1"
"217","2d","ph20_100obs.csv&2",NA,NA,"2",NA,NA,"-147.360035266893","-184.42096930648","0.583159969575741","0.583159969575741","0.583159969575741","0.0063331127166748","2","-184.420938500402","-147.360027946321","0.8473","1","0.8473","1"
"218","5d","ph20_100obs.csv&2",NA,NA,"2",NA,NA,"-147.284068767594","-184.4834323969","0.582141056854445","0.582141056854445","0.582141056854445","0.0276389122009277","9","-184.359940794932","-147.28100091333","0.8506","1","0.8447","1"
"219","10d","ph20_100obs.csv&2",NA,NA,"3",NA,NA,"-147.273422601875","-184.480528234204","0.582007396949014","0.582007396949014","0.582007396949014","0.162353038787842","22","-184.197060129065","-147.277371855607","0.8492","1","0.8444","1"
"220","20d","ph20_100obs.csv&2",NA,NA,"2",NA,NA,"-147.362921905704","-184.410855043865","0.583198229574561","0.583198229574561","0.583198229574561","0.112101078033447","2","-184.407544740858","-147.366113745607","0.8477","1","0.8477","1"
"221","2d","ph20_10obs.csv&2","1","1","2","-12.6684073074007","-12.6684073074007","-12.6684098335107","-18.5480525125325","5.63381923224249e-08","5.63381923224249e-08","0.56259195608551","0.0038750171661377","2","-18.548049006923","-12.6684058457006","1","1","1","1"
"222","5d","ph20_10obs.csv&2","1","1","2","-12.4406363495312","-12.4406363495312","-12.440290693776","-17.5756665309581","7.30498354695186e-05","7.30498354695186e-05","0.576259154658472","0.0234959125518799","12","-18.6000679329814","-12.4603281275858","1","1","1","1"
"223","10d","ph20_10obs.csv&2","1","1","2","-12.4857636987451","-12.4857636987451","-12.4831427665573","-17.6960337626578","0.000575639819338492","0.000575639819338492","0.57311385592762","0.050227165222168","9","-18.5275274963319","-12.5161587872652","1","1","1","1"
"224","20d","ph20_10obs.csv&2","1","1","2","-12.6109259734771","-12.6109259734771","-12.6084780201617","-18.2100095270142","0.000265679075766412","0.000265679075766412","0.56597320511364","0.0567018985748291","2","-18.3467088327779","-12.6282287612632","1","1","1","1"
"225","2d",NA,NA,NA,NA,NA,NA,NA,NA,NA,NA,NA,NA,NA,NA,NA,NA,NA,NA,NA
"226","5d",NA,NA,NA,NA,NA,NA,NA,NA,NA,NA,NA,NA,NA,NA,NA,NA,NA,NA,NA
"227","10d",NA,NA,NA,NA,NA,NA,NA,NA,NA,NA,NA,NA,NA,NA,NA,NA,NA,NA,NA
"228","20d",NA,NA,NA,NA,NA,NA,NA,NA,NA,NA,NA,NA,NA,NA,NA,NA,NA,NA,NA
"229","2d","ph5_1000obs.csv&2",NA,NA,"2",NA,NA,"-1588.97618096961","-1382.17494325376","0.453879052070683","0.453879052070683","0.453879052070683","0.0322191715240479","2","-1382.17494086149","-1588.97617282413","0.6696","1","0.6696","1"
"230","5d","ph5_1000obs.csv&2",NA,NA,"2",NA,NA,"-1588.29495320511","-1383.08751113461","0.458365910234688","0.458365910234688","0.458365910234688","0.0349299907684326","2","-1383.78175797087","-1588.27172662307","0.6997","1","0.6867","1"
"231","10d","ph5_1000obs.csv&2",NA,NA,"3",NA,NA,"-1589.04029606432","-1382.06056964624","0.453614911610601","0.453614911610601","0.453614911610601","0.301957845687866","12","-1381.8363358391","-1589.04493732003","0.6815","1","0.6737","1"
"232","20d","ph5_1000obs.csv&2",NA,NA,"2",NA,NA,"-1588.90718038611","-1382.35238257092","0.454510884965159","0.454510884965159","0.454510884965159","0.207565069198608","2","-1382.36203905763","-1588.90566051708","0.665","1","0.6653","1"
"233","2d","ph5_100obs.csv&2","1","1","2","-151.997830152993","-151.997830152993","-151.997828508119","-132.118996852991","1.87709503451927e-08","1.87709503451927e-08","0.468599176746425","0.00692415237426758","2","-132.118971152231","-151.997820420132","0.9953","1","0.9953","1"
"234","5d","ph5_100obs.csv&2","1","1","14","-151.267046151221","-151.267046151221","-150.983392367405","-132.711406708266","0.00859994571923596","0.00859994571923596","0.484618697115411","0.160001993179321","46","-131.999635299826","-151.048134909429","0.9946","1","0.9978","1"
"235","10d","ph5_100obs.csv&2","1","1","5","-151.054715272406","-151.054715272406","-151.010901390155","-132.825858808753","0.00158613521118779","0.00158613521118779","0.481454398315","0.202692031860352","28","-132.134348099627","-151.005308767717","0.9953","1","0.9995","1"
"236","20d","ph5_100obs.csv&2","1","1","2","-151.569516928545","-151.569516928545","-151.560034562532","-132.215760004634","0.000173628617752514","0.000173628617752514","0.47315724345893","1.32930183410645","26","-132.114103694736","-151.567752324612","0.9958","1","0.998","1"
"237","2d","ph5_10obs.csv&2","1","1","2","-14.6280811633134","-14.6280811633134","-14.6280810826673","-14.3626255342667","4.36134991455006e-09","4.36134991455006e-09","0.47102222709314","0.00382184982299805","2","-14.3624654488256","-14.6280759718756","1","1","1","1"
"238","5d","ph5_10obs.csv&2","1","1","5","-12.4796051496313","-12.4796051496313","-12.4091985040738","-14.8250871298363","0.00451155558476933","0.00451155558476933","0.50088232906449","0.139512062072754","62","-14.17962320946","-12.4345995944135","1","1","1","1"
"239","10d","ph5_10obs.csv&2","1","1","4","-13.5166168579688","-13.5166168579688","-13.485315063344","-14.2549175052583","0.00343791821663001","0.00343791821663001","0.517244980967298","0.108770847320557","28","-14.3939892201457","-13.5083508391752","1","1","1","1"
"240","20d","ph5_10obs.csv&2","1","1","2","-13.5022686370702","-13.5022686370702","-13.4926152778522","-14.2507559125043","0.00167652180512414","0.00167652180512414","0.51263743764869","0.522768974304199","20","-14.2862433607912","-13.4924880096428","1","1","1","1"
"241","2d",NA,NA,NA,NA,NA,NA,NA,NA,NA,NA,NA,NA,NA,NA,NA,NA,NA,NA,NA
"242","5d",NA,NA,NA,NA,NA,NA,NA,NA,NA,NA,NA,NA,NA,NA,NA,NA,NA,NA,NA
"243","10d",NA,NA,NA,NA,NA,NA,NA,NA,NA,NA,NA,NA,NA,NA,NA,NA,NA,NA,NA
"244","20d",NA,NA,NA,NA,NA,NA,NA,NA,NA,NA,NA,NA,NA,NA,NA,NA,NA,NA,NA
"245","2d","unif_1000obs.csv&2",NA,NA,"2",NA,NA,"-297.6678335144","-296.334219242447","0.565629820379387","0.565629820379387","0.565629820379387","0.0315377712249756","2","-296.334219242448","-297.6678335144","0.1713","0.1723","0.1713","0.1723"
"246","5d","unif_1000obs.csv&2",NA,NA,"2",NA,NA,"-131.181903032053","-137.325220507035","0.516034607631897","0.516034607631897","0.516034607631897","4.01392984390259","229","-296.938680054075","-131.202663901559","0.1712","0.6362","0.6357","0.6361"
"247","10d","unif_1000obs.csv&2",NA,NA,"8",NA,NA,"-104.653343539394","-109.134984321572","0.510682165967017","0.510682165967017","0.510682165967017","15.0251998901367","620","-282.165647210456","-104.740104028642","0.1832","0.7924","0.7874","0.7926"
"248","20d","unif_1000obs.csv&2",NA,NA,"9",NA,NA,"-83.5368426276359","-85.6183280277853","0.506573260574743","0.506573260574743","0.506573260574743","59.450483083725","889","-297.838547090276","-83.6386054042526","0.1709","0.9143","0.9134","0.9147"
"249","2d","unif_100obs.csv&2",NA,NA,"2",NA,NA,"-28.787993505398","-28.0985038007407","0.564858179537557","0.564858179537557","0.564858179537557","0.00817513465881348","2","-28.0984972758572","-28.7879918713301","0.7139","0.7161","0.7139","0.7161"
"250","5d","unif_100obs.csv&2",NA,NA,"6",NA,NA,"-19.1821723451806","-18.1286557937854","0.531290548628941","0.531290548628941","0.531290548628941","0.118179082870483","38","-26.5225805496781","-19.2098159089902","0.7783","1","1","1"
"251","10d","unif_100obs.csv&2","1","1","2","-12.3365572985614","-12.3365572985614","-12.326755591328","-7.64770734456638","0.000148625143425843","0.000148625143425843","0.513660479594769","1.52028584480286","314","-27.5956769541337","-12.3627280209089","0.7365","1","1","1"
"252","20d","unif_100obs.csv&2","1","1","2","-11.8821414065544","-11.8821414065544","-11.872275638085","-6.78580006354743","0.000254969137242894","0.000254969137242894","0.512155620764375","4.02376914024353","271","-28.2363813244957","-11.9077392416231","0.7078","1","1","1"
"253","2d","unif_10obs.csv&2","1","1","2","-0.668864861689495","-0.668864861689495","-0.668865288539123","-2.06627239057816","1.99473359829838e-08","1.99473359829838e-08","0.602164320399436","0.004119873046875","2","-2.06491840431498","-0.668861460616496","1","1","1","1"
"254","5d","unif_10obs.csv&2","1","1","2","-0.663210383344163","-0.663210383344163","-0.662879332609137","-1.95022595369228","1.5070892411051e-05","1.5070892411051e-05","0.599606920153212","0.00547003746032715","2","-1.99256591343558","-0.665146425888086","1","1","1","1"
"255","10d","unif_10obs.csv&2","1","1","2","-0.693121918226875","-0.693121918226875","-0.683637392595553","-1.84372612345504","0.00133027136617004","0.00133027136617004","0.598527160780975","0.0051109790802002","2","-1.91486802052979","-0.677123490494463","1","1","1","1"
"256","20d","unif_10obs.csv&2","1","1","2","-0.675871805250466","-0.675871805250466","-0.67379106145467","-2.01627170131852","0.000429791124443568","0.000429791124443568","0.601302614549716","0.0168678760528564","2","-2.04753810638408","-0.669097137364818","1","1","1","1"
